"Name","SWF","ExportName","ParticleEmitter","CameraShake","AttachToParent","DestroyWhenParentDies","Looping","IsoLayer","Targeted","MaxCount","Sound","Volume","MinPitch","MaxPitch","LowEndSound","LowEndVolume","LowEndMinPitch","LowEndMaxPitch","Beam","SortInFrontOfParent"
"String","String","String","String","int","boolean","boolean","boolean","String","boolean","int","String","int","int","int","String","int","int","int","boolean","boolean"
"Collect Gold",,,"Collect Gold",,,,,"top",,,"sfx/coins_collect_01.wav",70,100,100,"sfx/coins_collect_01.wav",70,100,100,,
"Collect Elixir",,,"Collect Elixir",,,,,"top",,,"sfx/elixir_collect_02.wav",70,100,100,"sfx/elixir_collect_02.wav",70,100,100,,
"Collect Diamonds",,,"Collect Diamonds",,,,,"top",,,"sfx/collect_diamonds_01.wav",70,100,100,"sfx/collect_diamonds_01.wav",60,100,100,,
"Steal Gold",,,"Steal Gold",,,,,"top",,,"sfx/coin_steal_02.wav",70,100,100,"sfx/coin_steal_02.wav",60,100,100,,
"Steal Elixir",,,"Steal Elixir",,,,,"top",,,"sfx/elixir_steal_03.wav",60,100,100,"sfx/elixir_steal_03.wav",60,100,100,,
"XP Gain",,,"XP Gain",,,,,"top",,,"sfx/xp_gain_06.wav",80,100,100,"sfx/xp_gain_06.wav",70,100,100,,
"Alliance",,,,,,,,,,,"sfx/alliance_jingle_v2.wav",90,75,75,"sfx/xp_gain_06.wav",80,100,100,,
"Building Ready",,,"Building Ready",,,,,"top",,,"sfx/building_finished_01.wav",80,100,100,"sfx/xp_gain_06.wav",80,100,100,,
"Building Destroyed",,,"Building Destroyed",,,,,"objects",,,"sfx/building_destroyed_01.wav",80,85,95,"sfx/building_destroyed_01.wav",80,85,95,,
,,,"Smoke",,,,,,,,,,,,,,,,,
,,,"Grass",,,,,,,,,,,,,,,,,
"Elixir Storage Destroyed",,,"Elixir Storage Destroyed",,,,,"objects",,,"sfx/building_destroyed_01.wav",80,85,95,"sfx/building_destroyed_01.wav",80,85,95,,
,,,"Smoke",,,,,,,,,,,,,,,,,
,,,"Grass",,,,,,,,,,,,,,,,,
"Start Building",,,"Smoke",,"true",,,"top",,,"sfx/building_construct_07.wav",80,75,75,"sfx/building_construct_07.wav",80,75,75,,
"NoRoomForTroop",,,,,,,,,,,,,,,,,,,,
"TrainingFinished",,,"Dust",,"true",,,"top",,,"sfx/training_finished_03.wav",80,100,100,"sfx/training_finished_03.wav",80,100,100,,
"Sell Item",,,,,,,,,,,"sfx/sell_item_01.wav",60,100,100,"sfx/sell_item_01.wav",50,100,100,,
"Moving",,,,,,,,,,,"sfx/moving_07.wav",50,110,115,"sfx/moving_07.wav",40,110,115,,
"Illegal Position",,,,,,,,,,,"sfx/bad_move_06.wav",60,100,100,"sfx/bad_move_06.wav",40,100,100,,
"Clear Tombstone",,,"Grass",,,,,"objects",,,"sfx/clear_tombstone_01.wav",70,100,100,,,,,,
,,,"Dust2",,,,,"objects",,,,,,,,,,,,
"Generic Pick Up",,,,,,,,,,,"sfx/wall_pickup_01.wav",50,100,100,"sfx/wall_pickup_01.wav",40,100,100,,
"Generic Placing",,,"Place",,"true",,,"top",,,"sfx/cannon_drop2.wav",50,100,100,"sfx/cannon_drop2.wav",40,100,100,,
"Generic Hit",,,"DefenceHit",,,,,"objects",,,"sfx/barbarian_hit_stuff.wav",55,100,100,"sfx/barbarian_hit_stuff.wav",40,100,100,,
"Trap Eject",,,"Trap",50,,,,"objects",,,"sfx/trap_eject_01v2.wav",80,100,100,"sfx/trap_eject_01v2.wav",70,100,100,,
,,,"Grass",,,,,"objects",,,,,,,,,,,,
,,,"Grass",,,,,"objects",,,,,,,,,,,,
"exBomb Exposion",,,"Smoke",50,,,,"objects",,,"sfx/explosion_02.wav",60,100,100,"sfx/explosion_02.wav",60,100,100,,
,,,"Grass",,,,,"objects",,,,,,,,,,,,
,,,"Ring",,,,,"objects",,,,,,,,,,,,
"IsoTestFX",,,"IsoTestFX",,,,,"objects",,,"sfx/explosion_02.wav",80,100,100,"sfx/explosion_02.wav",60,100,100,,
"Barbarian Deploy",,,"Deploy",,,,,"objects",,,"sfx/barb_deploy_11.wav",40,100,100,"sfx/gob_attack_01.wav",40,100,100,,
,,,,,,,,"objects",,,"sfx/barb_deploy_11v2.wav",40,100,100,,,,,,
,,,,,,,,"objects",,,"sfx/barb_deploy_11v3.wav",40,100,100,,,,,,
"Archer Deploy",,,"Deploy",,,,,"objects",,,"sfx/archer_deploy_09.wav",70,100,100,"sfx/gob_attack_01.wav",40,100,100,,
,,,,,,,,,,,"sfx/archer_deploy_09v2.wav",70,100,100,,,,,,
,,,,,,,,,,,"sfx/archer_deploy_09v3.wav",70,100,100,,,,,,
"Giant Deploy",,,"Deploy",20,,,,"objects",,,"sfx/giant_deploy_04.wav",80,100,100,"sfx/gob_attack_01.wav",40,75,75,,
,,,"Grass",,,,,"objects",,,"sfx/giant_deploy_04v2.wav",80,100,100,,,,,,
,,,"Place",,,,,"objects",,,"sfx/giant_deploy_04v3.wav",80,100,100,,,,,,
"Dragon Deploy",,,,,,,,,,,"sfx/dragon_deploy_01.wav",90,100,100,"sfx/gob_attack_01.wav",40,75,75,,
"Goblin Deploy",,,"Deploy",,,,,"objects",,,"sfx/goblin_deploy_14.wav",70,100,100,"sfx/gob_attack_01.wav",40,100,100,,
,,,,,,,,,,,"sfx/goblin_deploy_14v2.wav",70,100,100,,,,,,
,,,,,,,,,,,"sfx/goblin_deploy_14v3.wav",70,100,100,,,,,,
"Wall Breaker Deploy",,,"Deploy",,,,,,,,"sfx/deploy_skeleton_07.wav",80,100,100,"sfx/gob_attack_01.wav",40,100,100,,
,,,,,,,,,,,"sfx/deploy_skeleton_07v2.wav",80,100,100,,,,,,
,,,,,,,,,,,"sfx/deploy_skeleton_07v3.wav",80,100,100,,,,,,
"Balloon Goblin Deploy",,,,,,,,,,,"sfx/balloon_deploy_02.wav",80,100,100,"sfx/gob_attack_01.wav",40,80,80,,
"Healer Deploy",,,,,,,,,,,"sfx/healer_deploy_01.wav",80,100,100,"sfx/gob_attack_01.wav",40,100,100,,
"Wizard Deploy",,,"Deploy",,,,,"objects",,,"sfx/mage_deploy_06.wav",65,100,100,"sfx/gob_attack_01.wav",40,100,100,,
"Gargoyle Deploy",,,,,,,,,,,"sfx/garg_deploy_02.wav",70,90,110,"sfx/gob_attack_01.wav",40,100,100,,
"BoarRider Deploy",,,"Deploy",20,,,,"objects",,,"sfx/boarrider_deploy_01.wav",80,90,100,"sfx/gob_attack_01.wav",40,100,100,,
,,,,,,,,,,,"sfx/boarrider_deploy_02.wav",80,90,100,,,,,,
"WarriorGirl Deploy",,,"Deploy",,,,,"objects",,,"sfx/warriorgirldeploy_01.wav",70,95,105,"sfx/gob_attack_01.wav",40,100,100,,
,,,,,,,,,,,"sfx/warriorgirldeploy_02.wav",70,95,105,,,,,,
"Barbarian Attack",,,,,,,,,,,"sfx/barbarian_sword_swing_hit_14.wav",40,90,110,"sfx/barbarian_sword_swing_hit_14.wav",40,90,110,,
,,,,,,,,,,,"sfx/barbarian_sword_swing_hit_14v3.wav",40,90,110,,,,,,
,,,,,,,,,,,"sfx/barbarian_sword_swing_hit_14v2.wav",40,90,110,,,,,,
"Archer Attack",,,,,,,,,,,"sfx/arrow_hit_07.wav",50,90,110,"sfx/arrow_hit_07.wav",50,90,110,,
,,,,,,,,,,,"sfx/arrow_hit_07v2.wav",50,90,110,,,,,,
,,,,,,,,,,,"sfx/arrow_hit_07v3.wav",50,90,110,,,,,,
"Giant Attack",,,,,,,,,,,"sfx/giant_attack_06.wav",70,90,110,"sfx/giant_attack_06.wav",70,90,110,,
,,,,,,,,,,,"sfx/giant_attack_05.wav",70,90,110,,,,,,
"Dragon Attack",,,"Fire",,"true",,,"top",,,"sfx/dragon_attack_01.wav",70,95,105,"sfx/dragon_attack_01.wav",60,95,105,,
,,,"FireEnd",,"true",,,"top",,,,,,,,,,,,
,,,"Smoke_small",,"true",,,"top",,,,,,,,,,,,
,,,"Spark",,"true",,,"objects",,,,,,,,,,,,
"Goblin Attack",,,,,,,,,,,"sfx/gob_attack_01.wav",50,90,110,"sfx/gob_attack_01.wav",50,90,110,,
,,,,,,,,,,,"sfx/gob_attack_02.wav",40,90,110,,,,,,
,,,,,,,,,,,"sfx/gob_attack_03.wav",45,90,110,,,,,,
"Wall Breaker Attack",,,,,,,,,,,"sfx/wall_breaker_attack_01.wav",70,95,105,"sfx/wall_breaker_attack_01.wav",80,95,105,,
,,,,,,,,,,,,,,,,,,,,
,,,,,,,,,,,,,,,,,,,,
"Balloon Goblin Attack",,,,,,,,,,,"sfx/cannon_fire3.wav",70,90,110,"sfx/mortar_hit_01.wav",40,150,150,,
,,,,,,,,,,,,,,,,,,,,
,,,,,,,,,,,,,,,,,,,,
"Healer Attack",,,"Wizard_Tower_lightFlash",,,,,"objects",,,"sfx/healer_attack_01.wav",20,95,105,"sfx/healer_attack_01.wav",15,95,105,,
"Wizard Attack",,,"Dust",,"true",,,"objects",,,"sfx/mage_attack_02.wav",50,90,100,"sfx/mage_attack_02.wav",50,90,100,,
,,,"Wizard_Tower_lightFlash",,,,,,,,"sfx/mage_attack_02v2.wav",40,100,110,,,,,,
,,,,,,,,,,,"sfx/mage_attack_02v3.wav",50,90,100,,,,,,
"Wizard Attack2",,,"Wizard_attack2",,"true",,,"objects","true",,"sfx/mage_attack_02.wav",50,90,100,"sfx/mage_attack_02.wav",50,90,100,,
,,,,,,,,,,,"sfx/mage_attack_02v2.wav",50,100,110,,,,,,
,,,,,,,,,,,"sfx/mage_attack_02v3.wav",40,90,100,,,,,,
"Wizard Attack3",,,"Wizard_attack6",,"true",,,"objects","true",,"sfx/mage_attack_02.wav",50,90,100,"sfx/mage_attack_02.wav",40,90,100,,
"Gargoyle Attack",,,"Gargoyle_spit",,"true",,,"objects",,8,"sfx/garg_attack_01.wav",70,90,110,"sfx/gob_attack_01.wav",60,90,110,,
"BoarRider Attack",,,,,,,,,,,"sfx/boarrider_attack_01.wav",70,95,105,"sfx/giant_attack_06.wav",70,90,110,,
,,,,,,,,,,,"sfx/boarrider_attack_02.wav",70,95,105,,,,,,
"WarriorGirl Attack",,,"MegaGrass",,"true",,,"objects",,,"sfx/warriorgirlattack_01.wav",80,95,105,"sfx/barbarian_sword_swing_hit_14.wav",50,75,85,,
,,,,,,,,,,,"sfx/warriorgirlattack_02.wav",90,95,105,,,,,,
,,,,,,,,,,,,,,,,,,,,
"WarriorGirl Attack2",,,"MegaGrass",,"true",,,"objects",,,"sfx/warriorgirlattack_02.wav",70,90,110,"sfx/barbarian_sword_swing_hit_14.wav",50,70,90,,
,,,"Wizard_Tower_lightFlash",,,,,,,,,,,,,,,,,
,,,"Fire_ballsBig",,,,,,,,,,,,,,,,,
,,,"Wizard_Tower_lightFlash2",,,,,,,,,,,,,,,,,
"Barbarian Hit",,,"Hit",,"true",,,"objects",,,"sfx/barbarian_hit_stuff2.wav",40,90,110,"sfx/barbarian_hit_stuff2.wav",40,90,110,,
,,,,,,,,,,,"sfx/barbarian_hit_stuff3.wav",35,90,110,,,,,,
,,,,,,,,,,,"sfx/barbarian_hit_stuff4.wav",30,90,110,,,,,,
"Archer Hit",,,"Hit",,"true",,,"objects",,,"sfx/arrow_hit_12.wav",50,90,110,"sfx/arrow_hit_12.wav",60,90,110,,
"Giant Hit",,,"Hit",,"true",,,"objects",,,"sfx/giant_attack_hit_01.wav",60,90,110,"sfx/giant_attack_hit_01.wav",60,90,110,,
,,,"Cannon",,"true",,,"objects",,,"sfx/giant_attack_hit_02.wav",60,90,110,,,,,,
"Dragon Hit",,,,,,,,,,,,,,,,,,,,
"Goblin Hit",,,,,,,,,,,,,,,,,,,,
"Wall Breaker Hit",,,"Stone",50,,,,"objects",,,"sfx/cannon_fire3.wav",60,90,110,"sfx/mortar_hit_01.wav",50,120,130,,
,,,"Grass",,,,,"objects",,,,,,,,,,,,
,,,"Explosion_3",,,,,"objects",,,,,,,,,,,,
,,,"Fire_balls",,,,,,,,,,,,,,,,,
,,,"Smoke",,,,,,,,,,,,,,,,,
"Balloon Goblin Hit",,,"Wizard_Tower_lightFlash",50,,,,"top",,,"sfx/balloon_hit_01.wav",80,95,105,"sfx/balloon_hit_01.wav",70,95,105,,
,,,"Ring",,,,,,,,,,,,,,,,,
,,,"Grass",,,,,"objects",,,,,,,,,,,,
,,,"Stone",,,,,,,,,,,,,,,,,
,,,"Explosion_3",,,,,"objects",,,,,,,,,,,,
"Healer Hit",,,"healer_lightrays",,,,,"ground",,,"sfx/healer_hit_02.wav",40,95,105,"sfx/healer_hit_01.wav",40,95,105,,
,,,"Wizard_Tower_lightFlash",,,,,,,,,,,,,,,,,
,,,"healer_rings",,,,,,,,,,,,,,,,,
"Wizard Hit1",,,"Hit",,"true",,,"objects",,3,"sfx/wizard_hit_01.wav",50,80,100,"sfx/wizard_hit_01.wav",50,80,100,,
,,,"DefenceHit",,,,,,,,,,,,,,,,,
,,,"Fire_balls",,,,,,,,,,,,,,,,,
,,,"Explosion_3",,,,,,,,,,,,,,,,,
,,,"Wizard_Tower_lightFlash",,,,,,,,,,,,,,,,,
"Wizard Hit2",,,"Wizard_Tower_hit",,"true",,,"objects",,3,"sfx/wizard_hit_01.wav",50,80,100,"sfx/wizard_hit_01.wav",50,80,100,,
,,,"Wizard_Tower_hit2",,,,,,,,,,,,,,,,,
,,,"Hit",,,,,,,,,,,,,,,,,
,,,"Fire_balls",,,,,,,,,,,,,,,,,
,,,"DefenceHit",,,,,,,,,,,,,,,,,
,,,"Explosion_3",,,,,,,,,,,,,,,,,
,,,"Wizard_Tower_lightFlash",,,,,,,,,,,,,,,,,
"Gargoyle Hit",,,"Gargoyle_hit",,"true",,,"top",,,"sfx/balloon_hit_01.wav",30,110,130,"sfx/balloon_hit_01.wav",30,110,130,,
,,,"Gargoyle_hit2",,,,,,,,,,,,,,,,,
,,,"Hit",,,,,,,,,,,,,,,,,
"BoarRider Hit",,,"Hit",,"true",,,"objects",,,"sfx/bow_place.wav",50,120,140,"sfx/barbarian_hit_stuff2.wav",60,90,110,,
"WarriorGirl Hit",,,"Hit",,"true",,,"objects",,,"sfx/warriorgirl_hit_01.wav",50,90,100,"sfx/arrow_hit_12.wav",60,90,110,,
"Barbarian Die",,,"Splat",,"true",,,"top",,,"sfx/barbarian_death_01.wav",50,90,110,"sfx/barbarian_death_01.wav",50,90,110,,
,,,,,,,,,,,"sfx/barbarian_death_02.wav",50,90,110,,,,,,
"Archer Die",,,"Splat",,"true",,,"top",,,"sfx/archer_death_05.wav",40,95,105,"sfx/archer_death_05.wav",40,95,105,,
,,,,,,,,,,,"sfx/archer_death_05v2.wav",40,95,105,,,,,,
"Giant Die",,,"SplatBig",,"true",,,"top",,,"sfx/giant_death_02.wav",70,90,110,"sfx/barbarian_death_01.wav",60,65,70,,
"Dragon Die",,,"SplatBig",,"true",,,"top",,,"sfx/dragon_die_01.wav",90,95,105,"sfx/dragon_die_01.wav",60,95,105,,
"Goblin Die",,,"Splat",,"true",,,"top",,,"sfx/goblin_death_02.wav",70,95,110,"sfx/goblin_death_02.wav",60,95,110,,
"Wall Breaker Die",,,"Splat",,"true",,,"top",,,"sfx/wall_breaker_die_01.wav",,,,"sfx/wall_breaker_die_01.wav",,,,,
"Balloon Goblin Die",,,,,"true",,,"top",,,"sfx/balloon_die_01.wav",80,95,105,"sfx/mage_attack_02.wav",70,60,75,,
"Dark Balloon Exposion",,,"Stone",50,,,,"objects",,8,"sfx/cannon_fire3.wav",60,75,85,"sfx/mortar_hit_01.wav",70,140,150,,
,,,"Grass",,,,,"objects",,,,,,,,,,,,
,,,"Ring",,,,,"objects",,,,,,,,,,,,
,,,"Wizard_Tower_lightFlash",,,,,,,,,,,,,,,,,
,,,"Explosion_3",,,,,,,,,,,,,,,,,
,,,"Fire_balls",,,,,,,,,,,,,,,,,
,,,"Smoke",,,,,,,,,,,,,,,,,
,,,"Balloon_Die_wood",,,,,,,,,,,,,,,,,
,,,"Balloon_Die_darkBloon",,,,,,,,,,,,,,,,,
"Balloon Exposion",,,"Stone",50,,,,"objects",,8,"sfx/cannon_fire3.wav",60,85,105,"sfx/mortar_hit_01.wav",50,110,120,,
,,,"Grass",,,,,"objects",,,,,,,,,,,,
,,,"Ring",,,,,"objects",,,,,,,,,,,,
,,,"Wizard_Tower_lightFlash",,,,,,,,,,,,,,,,,
,,,"Explosion_3",,,,,,,,,,,,,,,,,
,,,"Fire_balls",,,,,,,,,,,,,,,,,
,,,"Smoke",,,,,,,,,,,,,,,,,
,,,"Balloon_Die_wood",,,,,,,,,,,,,,,,,
,,,"Balloon_Die_bloon",,,,,,,,,,,,,,,,,
"Healer Die",,,"SplatBig",,"true",,,"top",,,"sfx/healer_die_01.wav",80,95,105,"sfx/archer_death_05.wav",50,110,120,,
"Wizard Die",,,"Splat",,"true",,,"top",,,"sfx/wizard_die_01.wav",50,95,105,"sfx/barbarian_death_01.wav",50,115,125,,
"Gargoyle Die",,,"Dsplat",,"true",,,"top",,,"sfx/garg_die_01.wav",50,90,110,"sfx/wall_breaker_die_01.wav",,,,,
"BoarRider Die",,,"Dsplat",,"true",,,"top",,,"sfx/boarrider_die_02.wav",90,95,105,"sfx/dragon_die_01.wav",80,110,120,,
"WarriorGirl Die",,,"Dsplat",,"true",,,"top",,,"sfx/warriorgirl_die_01.wav",70,95,105,"sfx/archer_death_05.wav",60,85,95,,
"Troop Housing Pickup",,,"Grass",,,,,"top",,,"sfx/troop_housing_pickup_09.wav",80,100,100,"sfx/wall_pickup_01.wav",80,100,100,,
"Town Hall Pickup",,,"Grass",,,,,"top",,,"sfx/build_pickup_05.wav",80,100,100,"sfx/wall_pickup_01.wav",80,100,100,,
"Elixir Pump Pickup",,,"Grass",,,,,"top",,,"sfx/elixir_pump_pickup_07.wav",80,100,100,"sfx/wall_pickup_01.wav",80,100,100,,
"Elixir Storage Pickup",,,"Grass",,,,,"top",,,"sfx/elixir_storage_pickup_04.wav",80,100,100,"sfx/wall_pickup_01.wav",80,100,100,,
"Gold Mine Pickup",,,"Grass",,,,,"top",,,"sfx/goldmine_pickup4.wav",80,100,100,"sfx/wall_pickup_01.wav",80,100,100,,
"Gold Storage Pickup",,,"Grass",,,,,"top",,,"sfx/golden_haus_04.wav",80,100,100,"sfx/wall_pickup_01.wav",80,100,100,,
"Training Barrack Pickup",,,"Grass",,,,,"top",,,"sfx/troop_housing_pickup_06.wav",80,100,100,"sfx/wall_pickup_01.wav",80,100,100,,
"Basic Turret Pickup",,,"Grass",,,,,"top",,,"sfx/cannon_pickup3.wav",80,100,100,"sfx/wall_pickup_01.wav",80,100,100,,
"Tower Turret Pickup",,,"Grass",,,,,"top",,,"sfx/archer_tower_pick_01.wav",80,100,100,"sfx/wall_pickup_01.wav",80,100,100,,
"Weak Wall Pickup",,,"Grass",,,,,"top",,,"sfx/wall_pickup_01.wav",80,100,100,"sfx/wall_pickup_01.wav",80,100,100,,
"Wizard Tower Pickup",,,"Grass",,,,,"top",,,"sfx/wizard_tower_pickup_02.wav",80,100,100,"sfx/wall_pickup_01.wav",80,100,100,,
"Air Defence Pickup",,,"Grass",,,,,"top",,,"sfx/air_def_pickup_03.wav",80,100,100,"sfx/wall_pickup_01.wav",80,100,100,,
"Mortar Pickup",,,"Grass",,,,,"top",,,"sfx/mortar_pickup_01.wav",80,100,100,"sfx/wall_pickup_01.wav",80,100,100,,
"Alliance Castle Pickup",,,"Grass",,,,,"top",,,"sfx/alliance_build_pickup_03.wav",80,100,100,"sfx/wall_pickup_01.wav",80,100,100,,
"Troop Housing Placing",,,"Place",,"true",,,"objects",,,"sfx/troop_housing_placing_08.wav",80,100,100,"sfx/cannon_drop2.wav",80,100,100,,
,,,"Grass",,"true",,,"objects",,,,,,,,,,,,
"Town Hall Placing",,,"Place",,"true",,,"objects",,,"sfx/town_hall_placing_04.wav",80,100,100,"sfx/cannon_drop2.wav",60,100,100,,
,,,"Grass",,"true",,,"objects",,,,,,,,,,,,
"Elixir Pump Placing",,,"Place",,"true",,,"objects",,,"sfx/elixir_pump_drop_03.wav",80,100,100,"sfx/cannon_drop2.wav",60,100,100,,
,,,"Grass",,"true",,,"objects",,,,,,,,,,,,
"Elixir Storage Placing",,,"Place",,"true",,,"objects",,,"sfx/elixir_storage_drop_02.wav",80,100,100,"sfx/cannon_drop2.wav",60,100,100,,
,,,"Grass",,"true",,,"objects",,,,,,,,,,,,
"Gold Mine Placing",,,"Place",,"true",,,"objects",,,"sfx/goldmine_drop4.wav",80,100,100,"sfx/cannon_drop2.wav",60,100,100,,
,,,"Grass",,"true",,,"objects",,,,,,,,,,,,
"Gold Storage Placing",,,"Place",,"true",,,"objects",,,"sfx/golden_haus_drop_02.wav",80,100,100,"sfx/cannon_drop2.wav",60,100,100,,
,,,"Grass",,"true",,,"objects",,,,,,,,,,,,
"Training Barrack Placing",,,"Place",,"true",,,"objects",,,"sfx/troop_housing_placing_06.wav",80,100,100,"sfx/cannon_drop2.wav",60,100,100,,
,,,"Grass",,"true",,,"objects",,,,,,,,,,,,
"Basic Turret Placing",,,"Place",,"true",,,"objects",,,"sfx/cannon_drop2.wav",80,100,100,"sfx/cannon_drop2.wav",60,100,100,,
,,,"Grass",,"true",,,"objects",,,,,,,,,,,,
"Tower Turret Placing",,,"Place",,"true",,,"objects",,,"sfx/archer_tower_place_02.wav",80,100,100,"sfx/cannon_drop2.wav",60,100,100,,
,,,"Grass",,"true",,,"objects",,,,,,,,,,,,
"Weak Wall Placing",,,"Grass",,"true",,,"objects",,,"sfx/wall_place_01.wav",80,100,100,"sfx/cannon_drop2.wav",60,100,100,,
,,,,,,,,,,,,,,,,,,,,
"Wizard Tower Placing",,,"Place",,"true",,,"objects",,,"sfx/wizard_tower_drop_01.wav",80,100,100,"sfx/cannon_drop2.wav",60,100,100,,
,,,"Grass",,"true",,,"objects",,,,,,,,,,,,
"Air Defence Placing",,,"Place",,"true",,,"objects",,,"sfx/air_defense_place_01.wav",70,100,100,"sfx/cannon_drop2.wav",60,100,100,,
,,,"Grass",,"true",,,"objects",,,,,,,,,,,,
"Mortar Placing",,,"Place",,"true",,,"objects",,,"sfx/mortar_place_02.wav",80,100,100,"sfx/cannon_drop2.wav",60,100,100,,
,,,"Grass",,"true",,,"objects",,,,,,,,,,,,
"Alliance Castle Placing",,,"Place",,"true",,,"objects",,,"sfx/alliance_build_drop_04.wav",80,100,100,"sfx/cannon_drop2.wav",60,100,100,,
,,,"Grass",,"true",,,"objects",,,,,,,,,,,,
"Stone Pickup",,,"Rocks",,"true",,,"objects",,,"sfx/rock_pickup3.wav",80,100,100,"sfx/wall_pickup_01.wav",60,100,100,,
,,,,,,,,,,,,,,,,,,,,
"Bush Pickup",,,"Grass",,,,,"objects",,,"sfx/bush2.wav",80,100,100,"sfx/wall_pickup_01.wav",60,100,100,,
"Tree Pickup",,,"Wood",,,,,"objects",,,"sfx/tree8.wav",70,100,100,"sfx/wall_pickup_01.wav",60,100,100,,
"Worker Building Placing",,,"Place",,"true",,,"objects",,,"sfx/builder_hut_place_02.wav",80,100,100,"sfx/cannon_drop2.wav",60,100,100,,
,,,"Grass",,,,,,,,,,,,,,,,,
"Worker Building Pickup",,,"Grass",,,,,"objects",,,"sfx/builder_hut_pickup_02.wav",80,100,100,"sfx/wall_pickup_01.wav",60,100,100,,
"Flower Pickup",,,"Grass",,,,,,,,"sfx/bush2.wav",80,100,100,"sfx/wall_pickup_01.wav",60,100,100,,
"Pekka Deploy",,,"Deploy",,,,,"objects",,,"sfx/deploy_pekka_05.wav",80,100,100,"sfx/pekka_attack_02v2.wav",60,70,80,,
"Pekka Attack",,,,,,,,,,,"sfx/pekka_attack_02v2.wav",70,80,90,"sfx/pekka_attack_02v2.wav",60,80,90,,
,,,,,,,,,,,"sfx/pekka_attack_02v2.wav",70,100,110,,,,,,
"Pekka Hit",,,"Hit",,"true",,,"objects",,,"sfx/pekka_attack_hit_02.wav",70,90,100,"sfx/pekka_attack_02v2.wav",60,50,60,,
,,,,,,,,,,,"sfx/pekka_attack_hit_02.wav",70,100,110,,,,,,
"Pekka Die",,,"SplatBig",,"true",,,"top",,,"sfx/pekka_death_06.wav",90,100,110,"sfx/mortar_hit_01.wav",70,120,125,,
"Mortar Hit",,,"MortarHit",100,"true",,,"top",,,"sfx/mortar_hit_01.wav",90,95,105,"sfx/mortar_hit_01.wav",80,95,105,,
,,,"Ring",,"true",,,"top",,,,,,,,,,,,
,,,"Stone",,"true",,,"top",,,,,,,,,,,,
,,,"Grass",,"true",,,"top",,,,,,,,,,,,
,,,"Grass",,"true",,,"top",,,,,,,,,,,,
,,,"Grass",,"true",,,"top",,,,,,,,,,,,
"Lightning Spell Hit",,,"bomb_crater_small",1000,"true",,,"top",,5,"sfx/lightning_amb_01.wav",70,95,105,"sfx/mortar_hit_01.wav",80,60,80,,
,,,"Ring",,,,,,,,,,,,,,,,,
,,,"Explosion_1_small",,"true",,,"top",,,,,,,,,,,,
,,,"Grass",,"true",,,"top",,,,,,,,,,,,
,,,"Stone_explosion",,"true",,,"top",,,,,,,,,,,,
,,,"Stone",,"true",,,"top",,,,,,,,,,,,
,,,"explosion_blast",,"true",,,"top",,,,,,,,,,,,
,,,"Wizard_Tower_hit",,,,,,,,,,,,,,,,,
,,,"Stone",,,,,,,,,,,,,,,,,
,,,"Grass",,,,,,,,,,,,,,,,,
,,,"Wizard_Tower_hit",,,,,,,,,,,,,,,,,
,,,"Stone_explosion",,,,,,,,,,,,,,,,,
,,,"Explosion_3",,,,,,,,,,,,,,,,,
,,,"Fire_balls",,,,,,,,,,,,,,,,,
,,,"Super_Bomb",,,,,,,,,,,,,,,,,
,,,"Smoke",,,,,,,,,,,,,,,,,
"Tesla Attack_1",,,"Lightning_1",,"true",,,"top","true",,"sfx/tesla_zap_01.wav",40,90,110,"sfx/tesla_zap_01.wav",40,90,110,,
,,,,,,,,,,,"sfx/tesla_zap_03.wav",40,100,120,,,,,,
"Tesla Attack_2",,,"Lightning_2",,"true",,,"top","true",,"sfx/tesla_zap_01.wav",40,90,110,"sfx/tesla_zap_01.wav",40,90,110,,
,,,,,,,,,,,"sfx/tesla_zap_03.wav",40,100,120,,,,,,
"Tesla Attack_3",,,"Lightning_3",,"true",,,"top","true",,"sfx/tesla_zap_01.wav",40,90,110,"sfx/tesla_zap_01.wav",40,90,110,,
,,,,,,,,,,,"sfx/tesla_zap_03.wav",40,100,120,,,,,,
"Tesla Attack_4",,,"Lightning_4",,"true",,,"top","true",,"sfx/tesla_zap_01.wav",40,90,110,"sfx/tesla_zap_01.wav",40,90,110,,
,,,,,,,,,,,"sfx/tesla_zap_03.wav",40,100,120,,,,,,
"Tesla Attack_4_Secondary",,,"Tesla_lvl7_attack",,,,,"top",,,,,,,,,,,,
"Tesla Attack_8_Secondary",,,"Tesla_lvl8_attack",,,,,"top",,,,,,,,,,,,
"Tesla Hit",,,"Tesla_spark_1",20,"true",,,"top",,,"sfx/tesla_zap_03.wav",20,50,70,"sfx/tesla_zap_03.wav",30,50,70,,"true"
,,,"Tesla_spark_2",,"false",,,"top",,,,,,,,,,,,
,,,"Hit",,,,,,,,,,,,,,,,,
"Wizard Tower attack",,,"Wizard_Tower_attack",10,"true",,,"top","true",,"sfx/mage_attack_02.wav",80,100,120,"sfx/mage_attack_02.wav",70,100,120,,
"Wizard Tower attack lv6",,,"Wizard_Tower_attack_lv6",10,"true",,,"top","true",,"sfx/mage_attack_02.wav",80,100,120,"sfx/mage_attack_02.wav",70,100,120,,
"Wizard Tower hit",,,"Wizard_Tower_hit",20,"true",,,"top",,,"sfx/wizard_hit_01.wav",65,100,100,"sfx/wizard_hit_01.wav",50,100,100,,
,,,"Wizard_Tower_hit2",,,,,,,,,,,,,,,,,
,,,"Hit",,,,,,,,,,,,,,,,,
,,,"DefenceHit",,,,,,,,,,,,,,,,,
,,,"Explosion_3",,,,,,,,,,,,,,,,,
,,,"Wizard_Tower_lightFlash",,,,,,,,,,,,,,,,,
"Tesla Pickup",,,"Grass",,"true",,,"objects",,,"sfx/tesla_pickup_11.wav",80,100,100,"sfx/wall_pickup_01.wav",60,100,100,,
"Tesla Placing",,,"Grass",,"true",,,"objects",,,"sfx/tesla_drop_09.wav",80,100,100,"sfx/cannon_drop2.wav",60,100,100,,
"Tesla Appear","sc/buildings.sc","tesla_appear_fx","Grass",20,"true",,,"objects",,,"sfx/tesla_appear_01.wav",70,100,100,"sfx/bad_move_06.wav",70,80,90,,
"Bomb Appear","sc/buildings.sc","gen_appear_fx","Grass",20,"true",,,"objects",,,"sfx/bad_move_06.wav",80,100,100,"sfx/bad_move_06.wav",70,100,100,,
"Lightning Spell",,,"LightningSky",,"true",,,"objects","true",10,"sfx/tesla_zap_01.wav",80,100,120,"sfx/tesla_zap_01.wav",50,100,120,,
"Super_Bomb",,,"Force",1000,"true",,,"objects",,,"sfx/mortar_hit_01.wav",80,60,80,"sfx/mortar_hit_01.wav",80,60,80,,
,,,"Explosion_flash",,,,,,,,,,,,,,,,,
,,,"Explosion_1",,,,,,,,,,,,,,,,,
,,,"Explosion_2",,,,,,,,,,,,,,,,,
,,,"Fire_explosion",,,,,,,,,,,,,,,,,
,,,"Fire_balls",,,,,,,,,,,,,,,,,
,,,"Stone_explosion",,,,,,,,,,,,,,,,,
,,,"Explosion_3",,,,,,,,,,,,,,,,,
,,,"Explosion_4",,,,,,,,,,,,,,,,,
,,,"explosion_blast",,,,,,,,,,,,,,,,,
,,,"explosion_blast",,,,,,,,,,,,,,,,,
,,,"explosion_blast",,,,,,,,,,,,,,,,,
"Super_Bomb ground",,,"bomb_crater",,,,,"ground",,,,,,,,,,,,
"Mortar Hit lvl6",,,"bomb_crater_small",100,"true",,,"objects",,,"sfx/mortar_hit_01.wav",80,95,105,"sfx/mortar_hit_01.wav",80,95,105,,
,,,"Explosion_1_small",,,,,,,,,,,,,,,,,
,,,"Explosion_flash",,,,,,,,,,,,,,,,,
,,,"Fire_explosion",,,,,,,,,,,,,,,,,
,,,"Fire_balls",,,,,,,,,,,,,,,,,
,,,"Stone_explosion",,,,,,,,,,,,,,,,,
,,,"MortarHit_lvl6",,,,,,,,,,,,,,,,,
"Mortar Hit lvl8",,,"bomb_crater_small",100,"true",,,"objects",,,"sfx/mortar_hit_01.wav",80,95,105,"sfx/mortar_hit_01.wav",80,95,105,,
,,,"Explosion_1_small",,,,,,,,,,,,,,,,,
,,,"Explosion_flash",,,,,,,,,,,,,,,,,
,,,"Fire_explosion",,,,,,,,,,,,,,,,,
,,,"Fire_balls",,,,,,,,,,,,,,,,,
,,,"Stone_explosion",,,,,,,,,,,,,,,,,
,,,"MortarHit_lvl6",,,,,,,,,,,,,,,,,
,,,"MortarHit_lvl8",,,,,,,,,,,,,,,,,
"Bomb Exposion",,,"Stone",50,,,,"objects",,8,"sfx/cannon_fire3.wav",60,90,110,"sfx/mortar_hit_01.wav",70,140,150,,
,,,"Grass",,,,,"objects",,,,,,,,,,,,
,,,"Ring",,,,,"objects",,,,,,,,,,,,
,,,"Wizard_Tower_lightFlash",,,,,,,,,,,,,,,,,
,,,"Explosion_3",,,,,,,,,,,,,,,,,
,,,"Fire_balls",,,,,,,,,,,,,,,,,
,,,"Smoke",,,,,,,,,,,,,,,,,
"Bomb Exposion ground",,,"bomb_crater_small",,,,,"ground",,,,,,,,,,,,
"Heal area",,,"heal_ring",,,,,"ground",,,"sfx/bottle_heal_magic_03.wav",60,90,90,"sfx/bottle_heal_magic_03.wav",60,90,90,,
,,,"Explosion_3",,,,,,,,,,,,,,,,,
,,,"Explosion_flash",,,,,,,,,,,,,,,,,
,,,"heal_ring2",,,,,,,,,,,,,,,,,
,,,"heal_ring3",,,,,,,,,,,,,,,,,
,,,"heal_ring4",,,,,,,,,,,,,,,,,
,,,"Fire_balls",,,,,,,,,,,,,,,,,
,,,"heal_ring_lightrays",,,,,,,,,,,,,,,,,
"Heal area top",,,"heal_ring5",,,,,"top",,,,,,,,,,,,
"Heal spell",,,"heal_ring_effect",,,,,"objects",,,"sfx/healer_attack_01.wav",30,80,90,"sfx/healer_attack_01.wav",30,80,90,,
,,,"heal_ring_effect2",,,,,,,,,,,,,,,,,
"Lightning area",,,"Lightning_area_effect1",,,,,"objects",,,"sfx/bottle_break_04_lightning_01.wav",80,100,100,"sfx/barb_deploy_11.wav",50,80,90,,
,,,"Explosion_3",,,,,,,,,,,,,,,,,
,,,"Explosion_flash",,,,,,,,,,,,,,,,,
,,,"Lightning_area_effect2",,,,,,,,,,,,,,,,,
,,,"Lightning_area_effect3",,,,,,,,,,,,,,,,,
,,,"Lightning_area_ring",,,,,,,,,,,,,,,,,
,,,"Lightning_area_effect4",,,,,,,,,,,,,,,,,
,,,"Lightning_area_effect5",,,,,,,,,,,,,,,,,
,,,"Lightning_areaTesla_effect1",,,,,,,,,,,,,,,,,
"Lightning predeploy",,,"lightning_bottleDrop",,,,,"objects",,,"sfx/magic_bottle_fall_05.wav",80,95,95,"sfx/elixir_collect_02.wav",50,140,140,,
"Heal predeploy",,,"heal_bottleDrop",,,,,"objects",,,"sfx/magic_bottle_fall_05.wav",80,95,95,"sfx/elixir_collect_02.wav",50,140,140,,
"Rage predeploy",,,"rage_bottleDrop",,,,,"objects",,,"sfx/magic_bottle_fall_05.wav",80,95,95,"sfx/elixir_collect_02.wav",50,140,140,,
"xmas predeploy",,,"xmas_bottleDrop",,,,,"objects",,,"sfx/magic_bottle_fall_05.wav",80,95,95,"sfx/elixir_collect_02.wav",50,140,140,,
"Rage deploy",,,"rage_rangeRing3",,,,,"ground",,,"sfx/bottle_rage_magic_07v2.wav",90,75,75,"sfx/explosion_02.wav",80,70,80,,
,,,"rage_rangeRing1",,,,,,,,,,,,,,,,,
,,,"rage_glowPurple",,,,,,,,,,,,,,,,,
,,,"rage_flyingLine1",,,,,,,,,,,,,,,,,
,,,"rage_rangeRingOutter",,,,,,,,,,,,,,,,,
"Rage deploy top",,,"rage_smokeRing",,,,,"top",,,,,,,,,,,,
,,,"rage_flyingLine2",,,,,,,,,,,,,,,,,
,,,"rage_flyingLine3",,,,,,,,,,,,,,,,,
,,,"rage_flyingLine4",,,,,,,,,,,,,,,,,
,,,"rage_flyingLine2",,,,,,,,,,,,,,,,,
,,,"rage_flyingLine3",,,,,,,,,,,,,,,,,
,,,"rage_glowParticles",,,,,,,,,,,,,,,,,
,,,"Explosion_3",,,,,,,,,,,,,,,,,
,,,"Explosion_flash",,,,,,,,,,,,,,,,,
,,,"rage_smokeRing4",,,,,,,,,,,,,,,,,
,,,"rage_smokeRing2",,,,,,,,,,,,,,,,,
,,,"rage_smokeRing5",,,,,,,,,,,,,,,,,
,,,"rage_smokeRing3",,,,,,,,,,,,,,,,,
,,,"rage_glowParticles2",,,,,,,,,,,,,,,,,
"Cannon Attack",,,"cannon_lightFlash",,"true",,,"objects",,6,"sfx/cannon_08.wav",70,100,100,"sfx/cannon_08.wav",80,100,100,,
,,,"Cannon_flash",,,,,,,,,,,,,,,,,
,,,"Cannon_smoke",,,,,,,,,,,,,,,,,
,,,"Cannon_fireBalls",,,,,,,,,,,,,,,,,
"Cannon Attack Large",,,"cannon_lightFlash2",,"true",,,"objects",,6,"sfx/cannon_08.wav",80,100,100,"sfx/cannon_08.wav",80,100,100,,
,,,"Cannon_flash2",,,,,,,,,,,,,,,,,
,,,"Cannon_smoke2",,,,,,,,,,,,,,,,,
,,,"Cannon_fireBalls2",,,,,,,,,,,,,,,,,
"Mortar Attack",,,"Mortar_flash",,"true",,,"objects",,,"sfx/mortar_fire_02_with_fall.wav",70,95,105,"sfx/mortar_fire_02_with_fall.wav",70,95,105,,
,,,"Mortar_smoke2",,,,,,,,,,,,,,,,,
,,,"Mortar_smoke",,,,,,,,,,,,,,,,,
,,,"Mortar_fireBalls",,,,,,,,,,,,,,,,,
,,,"Mortar_lightFlash",,,,,,,,,,,,,,,,,
"Explosive Arrow",,,"Explosive_arrow2",,,,,"objects",,,"sfx/explosive_arrow_01v2.wav",65,100,100,"sfx/mage_attack_02.wav",50,120,120,,
,,,"Arrow_Tower_lightFlash",,,,,,,,,,,,,,,,,
,,,"Hit",,,,,,,,,,,,,,,,,
,,,"DefenceHit",,,,,,,,,,,,,,,,,
,,,"Explosive_arrow",,,,,,,,,,,,,,,,,
,,,"Arrow_Tower_lightFlash",,,,,,,,,,,,,,,,,
"Air Defence hit1",,,"AirDefence1_hit1",20,"true",,,"top",,,"sfx/air_def_hit_02.wav",65,100,100,"sfx/wizard_hit_01.wav",50,100,100,,
,,,"AirDefence1_hit2",,,,,,,,,,,,,,,,,
,,,"AirDefence1_hit3",,,,,,,,,,,,,,,,,
"Air Defence hit2",,,"AirDefence2_hit1",20,"true",,,"top",,,"sfx/air_def_hit_02.wav",65,100,100,"sfx/wizard_hit_01.wav",50,100,100,,
,,,"AirDefence2_hit2",,,,,,,,"sfx/air_def_hit_02.wav",,,,,,,,,
,,,"AirDefence2_hit3",,,,,,,,,,,,,,,,,
,,,"AirDefence2_hit4",,,,,,,,,,,,,,,,,
"Air Defence hit3",,,"AirDefence3_hit1",20,"true",,,"top",,,"sfx/air_def_hit_02.wav",65,100,100,"sfx/wizard_hit_01.wav",65,100,100,,
,,,"AirDefence3_hit2",,,,,,,,,,,,,,,,,
,,,"AirDefence3_hit3",,,,,,,,,,,,,,,,,
,,,"AirDefence3_hit4",,,,,,,,,,,,,,,,,
"Air Defence Attack",,,"Mortar_smoke",,,,,"top",,,"sfx/air_def_attack_02.wav",60,95,105,,,,,,
"Rapidfire bow attack",,,"Rapidfire_bow_attack",,,,,"top",,8,"sfx/bow_attack.wav",70,110,120,"sfx/arrow_hit_07.wav",60,90,110,,
"Bow Pickup",,,"Grass",,"true",,,"objects",,,"sfx/bow_pickup.wav",80,110,120,"sfx/cannon_drop2.wav",60,100,100,,
"Bow Placing",,,"Place",,"true",,,"objects",,,"sfx/bow_place.wav",80,110,120,"sfx/cannon_drop2.wav",60,100,100,,
,,,"Grass",,,,,,,,,,,,,,,,,
"Bow Load",,,"Smoke",,,,,"top",,,"sfx/bow_load.wav",70,110,120,"sfx/arrow_hit_07.wav",70,150,150,,
"Bow Target",,,"Place",,,,,"top",,,"sfx/bow_target.wav",70,110,120,"sfx/moving_07.wav",60,80,90,,
"Jump predeploy",,,"jump_bottleDrop",,,,,"objects",,,"sfx/magic_bottle_fall_05.wav",80,95,95,"sfx/elixir_collect_02.wav",40,140,140,,
"Jump deploy lvl1",,,"jump_deploy_range_lvl1",,,,,"ground",,,"sfx/bottle_jump_spell_01.wav",95,97,97,"sfx/trap_eject_01v2.wav",50,100,100,,
,,,"jump_ring_anim_lvl1",,,,,,,,,,,,,,,,,
"Jump deploy top lvl1",,,"jump_deploy_range_anim_lvl1",,,,,"top",,,,,,,,,,,,
,,,"jump_glowGreen_lvl1",,,,,,,,,,,,,,,,,
,,,"Fire_balls",,,,,,,,,,,,,,,,,
,,,"jump_balls_lvl1",,,,,,,,,,,,,,,,,
,,,"jump_balls2_lvl1",,,,,,,,,,,,,,,,,
,,,"jump_balls3_lvl1",,,,,,,,,,,,,,,,,
,,,"jump_balls4_lvl1",,,,,,,,,,,,,,,,,
,,,"jump_balls5_lvl1",,,,,,,,,,,,,,,,,
,,,"jump_balls6_lvl1",,,,,,,,,,,,,,,,,
,,,"Explosion_3",,,,,,,,,,,,,,,,,
,,,"Explosion_flash",,,,,,,,,,,,,,,,,
,,,"jump_ring_lightrays_lvl1",,,,,,,,,,,,,,,,,
"Jump deploy lvl2",,,"jump_deploy_range_lvl2",,,,,"ground",,,"sfx/bottle_jump_spell_01.wav",95,97,97,"sfx/trap_eject_01v2.wav",50,100,100,,
,,,"jump_ring_anim_lvl2",,,,,,,,,,,,,,,,,
"Jump deploy top lvl2",,,"jump_deploy_range_anim_lvl2",,,,,"top",,,,,,,,,,,,
,,,"jump_glowGreen_lvl2",,,,,,,,,,,,,,,,,
,,,"Fire_balls",,,,,,,,,,,,,,,,,
,,,"jump_balls_lvl2",,,,,,,,,,,,,,,,,
,,,"jump_balls2_lvl2",,,,,,,,,,,,,,,,,
,,,"jump_balls3_lvl2",,,,,,,,,,,,,,,,,
,,,"jump_balls4_lvl2",,,,,,,,,,,,,,,,,
,,,"jump_balls5_lvl2",,,,,,,,,,,,,,,,,
,,,"jump_balls6_lvl2",,,,,,,,,,,,,,,,,
,,,"Explosion_3",,,,,,,,,,,,,,,,,
,,,"Explosion_flash",,,,,,,,,,,,,,,,,
,,,"jump_ring_lightrays_lvl2",,,,,,,,,,,,,,,,,
"Jump deploy lvl3",,,"jump_deploy_range_lvl3",,,,,"ground",,,"sfx/bottle_jump_spell_01.wav",95,97,97,"sfx/trap_eject_01v2.wav",50,100,100,,
,,,"jump_ring_anim_lvl3",,,,,,,,,,,,,,,,,
"Jump deploy top lvl3",,,"jump_deploy_range_anim_lvl3",,,,,"top",,,,,,,,,,,,
,,,"jump_glowGreen_lvl3",,,,,,,,,,,,,,,,,
,,,"Fire_balls",,,,,,,,,,,,,,,,,
,,,"jump_balls_lvl3",,,,,,,,,,,,,,,,,
,,,"jump_balls2_lvl3",,,,,,,,,,,,,,,,,
,,,"jump_balls3_lvl3",,,,,,,,,,,,,,,,,
,,,"jump_balls4_lvl3",,,,,,,,,,,,,,,,,
,,,"jump_balls5_lvl3",,,,,,,,,,,,,,,,,
,,,"jump_balls6_lvl3",,,,,,,,,,,,,,,,,
,,,"Explosion_3",,,,,,,,,,,,,,,,,
,,,"Explosion_flash",,,,,,,,,,,,,,,,,
,,,"jump_ring_lightrays_lvl3",,,,,,,,,,,,,,,,,
"Bow No Ammo",,,"Dust2",,,,,"top",,,"sfx/bow_out_of_ammo.wav",80,110,110,"sfx/bad_move_06.wav",70,90,90,,
"Boost Start",,,"boosterStart",,,,,"top",,,"sfx/gem_boost_01.wav",80,100,100,"sfx/xp_gain_06.wav",80,100,100,,
,,,"boosterClock",,,,,,,,,,,,,,,,,
,,,"boosterClock2",,,,,,,,,,,,,,,,,
"xmas Drop Bombs",,,"xmas_bomb_shadow",,,,,"objects",,5,"sfx/xmastree.wav",70,170,180,"sfx/wall_pickup_01.wav",80,80,90,,
,,,"bomb_lightFlash",,,,,,,,,,,,,,,,,
,,,"xmas_dropBomb",,,,,,,,,,,,,,,,,
,,,"xmas_Fire_balls",,,,,,,,,,,,,,,,,
,,,"xmas_gift_poof",,,,,,,,,,,,,,,,,
"xmas Red Smoke",,,"xmas_redSmoke_shadow",,,,,"top",,,"sfx/mage_deploy_06.wav",90,60,60,"sfx/arrow_hit_07.wav",60,100,100,,
,,,"xmas_redSmoke_shadow_small",,,,,,,,,,,,,,,,,
,,,"xmas_redSmoke",,,,,,,,,,,,,,,,,
,,,"xmas_spell_shadow",,,,,,,,,,,,,,,,,
,,,"xmas_anim",,,,,,,,,,,,,,,,,
,,,"Explosion_3",,,,,,,,,,,,,,,,,
,,,"Explosion_flash",,,,,,,,,,,,,,,,,
,,,"Lightning_area_ring",,,,,,,,,,,,,,,,,
"xmas boom",,,"bomb_crater_small",50,,,,"objects",,8,"sfx/cannon_fire3.wav",80,80,100,"sfx/mortar_hit_01.wav",60,80,90,,
,,,"Explosion_1_small",,,,,,,,,,,,,,,,,
,,,"Explosion_flash",,,,,,,,,,,,,,,,,
,,,"Fire_explosion",,,,,,,,,,,,,,,,,
,,,"Fire_balls",,,,,,,,,,,,,,,,,
,,,"xmas_fun1",,,,,,,,,,,,,,,,,
,,,"xmas_fun2",,,,,,,,,,,,,,,,,
,,,"xmas_fun3",,,,,,,,,,,,,,,,,
,,,"xmas_fun4",,,,,,,,,,,,,,,,,
,,,"Stone_explosion",,,,,,,,,,,,,,,,,
,,,"MortarHit_lvl6",,,,,,,,,,,,,,,,,
"xmas test",,,,,,,,"top",,,"sfx/santa.wav",80,75,75,,,,,,
"Xmas Tree Pickup",,,"Grass",,,,,"top",,,"sfx/xmastree.wav",80,100,100,"sfx/wall_pickup_01.wav",80,100,100,,
"ArcherQueen attack",,,"ArcherQueen_attack",,,,,"top",,,"sfx/archer_queen_attack_02.wav",80,95,105,"sfx/arrow_hit_07.wav",60,70,80,,
,,,,,,,,,,,"sfx/archer_queen_attack_01.wav",80,95,105,,,,,,
,,,,,,,,,,,"sfx/archer_queen_attack_01.wav",80,95,105,,,,,,
"Collect Dark Elixir",,,"Collect Dark Elixir",,,,,"top",,,"sfx/dark_elixir_collect.wav",90,100,100,"sfx/elixir_collect_02.wav",70,80,90,,
"Steal Dark Elixir",,,"Steal Dark Elixir",,,,,"top",,,"sfx/dark_elixir_steal.wav",80,100,100,"sfx/elixir_steal_03.wav",60,80,90,,
"Dark Elixir Drill Pickup",,,"Grass",,,,,,,,"sfx/dark_drill_pickup_02.wav",70,100,100,"sfx/wall_pickup_01.wav",70,60,70,,
"Dark Elixir Drill Place",,,"Grass",,,,,,,,"sfx/dark_drill_place_07.wav",70,100,100,"sfx/cannon_drop2.wav",70,90,90,,
"Hero Altar Place",,,"Grass",,,,,"top",,,"sfx/hero_altar_place.wav",80,100,100,"sfx/cannon_drop2.wav",70,90,90,,
"Hero Altar Pickup",,,"Grass",,,,,"top",,,"sfx/hero_altar_pickup_02.wav",80,100,100,"sfx/wall_pickup_01.wav",70,80,80,,
"Dark Elixir Storage Pickup",,,"Grass",,,,,,,,"sfx/dark_storage_pickup.wav",80,100,100,"sfx/wall_pickup_01.wav",70,80,80,,
"Dark Elixir Storage Place",,,"Grass",,,,,,,,"sfx/dark_storage_place.wav",80,100,100,"sfx/cannon_drop2.wav",70,90,90,,
"Start Hero Upgrade",,,,,,,,,,,"sfx/hero_upgrade_02.wav",80,64,64,"sfx/building_finished_01.wav",70,100,100,,
"Hero Upgrade Finished",,,"Building Ready",,,,,"objects",,,"sfx/building_finished_01.wav",80,100,100,"sfx/building_finished_01.wav",70,100,100,,
"Hero Health Full",,,"hero_heal_lightrays",,,,,"top",,,"sfx/hero_energized.wav",80,100,100,"sfx/building_finished_01.wav",70,100,100,,
,,,"hero_heal_rings",,,,,,,,,,,,,,,,,
,,,"Mortar_lightFlash",,,,,,,,,,,,,,,,,
,,,"heal_ring_effect",,,,,,,,,,,,,,,,,
,,,"heal_ring_effect2",,,,,,,,,,,,,,,,,
"Barbarian King Deploy",,,"Deploy",20,,,,"objects",,,"sfx/barbarian_king_deploy.wav",90,100,100,"sfx/gob_attack_01.wav",80,60,70,,
,,,"Grass",,,,,"objects",,,"sfx/barbarian_king_deploy.wav",90,100,100,,,,,,
,,,"Place",,,,,,,,"sfx/barbarian_king_deploy.wav",90,90,100,,,,,,
"Archer Queen Deploy",,,"Deploy",10,,,,"objects",,,"sfx/archer_queen_deploy_01.wav",90,100,100,"sfx/gob_attack_01.wav",80,60,70,,
,,,"Grass",,,,,"objects",,,"sfx/archer_queen_deploy_01.wav",90,100,100,,,,,,
,,,"Place",,,,,"objects",,,"sfx/archer_queen_deploy_01.wav",90,100,100,,,,,,
"Barbarian King Attack",,,"Hit",,"true",,,"objects",,,"sfx/barbarian_king_attack_01.wav",60,95,105,"sfx/barbarian_sword_swing_hit_14.wav",60,60,75,,
,,,,,,,,,,,"sfx/barbarian_king_attack_01.wav",60,75,95,,,,,,
,,,,,,,,,,,"sfx/barbarian_king_attack_01.wav",60,110,130,,,,,,
"Barbarian King Die",,,"Mortar_lightFlash",500,,,,"top",,,"sfx/barbarian_king_die_01.wav",90,100,100,"sfx/barbarian_death_01.wav",60,70,80,,
,,,"Ring",,,,,,,,,,,,,,,,,
,,,"Place",,,,,,,,,,,,,,,,,
,,,"MortarHit_lvl6",,,,,,,,,,,,,,,,,
,,,"hero_die_force",,,,,,,,,,,,,,,,,
,,,"Force",,,,,,,,,,,,,,,,,
,,,"Grass",,,,,,,,,,,,,,,,,
,,,"Smoke",,,,,,,,,,,,,,,,,
"Archer Queen Die",,,"Mortar_lightFlash",180,,,,"top",,,"sfx/archer_queen_die_01.wav",80,100,100,"sfx/archer_death_05.wav",40,85,85,,
,,,"Ring",,,,,,,,,,,,,,,,,
,,,"Place",,,,,,,,,,,,,,,,,
,,,"MortarHit_lvl6",,,,,,,,,,,,,,,,,
,,,"hero_die_force",,,,,,,,,,,,,,,,,
,,,"Grass",,,,,,,,,,,,,,,,,
,,,"Grass",,,,,,,,,,,,,,,,,
"Barbarian King Hit",,,"Arrow_Tower_lightFlash",,"true",,,"objects",,,"sfx/barbarian_hit_stuff4.wav",70,55,65,"sfx/barbarian_hit_stuff.wav",50,55,65,,
,,,"hero_hit2",,,,,,,,,,,,,,,,,
,,,"hero_hit3",,,,,,,,,,,,,,,,,
,,,"hero_hit4",,,,,,,,,,,,,,,,,
,,,"Deploy",,,,,,,,,,,,,,,,,
,,,"hero_hit1",,,,,,,,,,,,,,,,,
,,,"hero_hit5",,,,,,,,,,,,,,,,,
"Archer Queen Hit",,,"hero_arrow_trail1",,,,,"objects",,,"sfx/explosive_arrow_01v2.wav",65,100,100,"sfx/mage_attack_02.wav",50,120,120,,
,,,"hero_hit2",,,,,,,,,,,,,,,,,
,,,"hero_hit3",,,,,,,,,,,,,,,,,
,,,"hero_hit4",,,,,,,,,,,,,,,,,
,,,"Arrow_Tower_lightFlash",,,,,,,,,,,,,,,,,
,,,"xmas_fun2",,,,,,,,,,,,,,,,,
"Barbarian King Scream",,,,,,,,,,,"sfx/barbarian_king_scream_01.wav",80,100,100,"sfx/barbarian_sword_swing_hit_14.wav",50,70,75,,
"Hero Spot Enemy",,,,,,,,"objects",,,,,,,,,,,,
"Hero Attack Enemy",,,,,,,,"objects",,,"sfx/hero_spot_01.wav",90,75,75,"sfx/gob_attack_01.wav",70,100,100,,
"Hero Sleep",,,,,,,,,,,"sfx/hero_sleep.wav",90,75,75,"sfx/healer_attack_01.wav",60,70,70,,
"Hero Patrol",,,,,,,,,,,"sfx/hero_patrol.wav",100,90,90,"sfx/barb_deploy_11.wav",70,65,65,,
"Wall Level 10 Destroyed",,,"Fire_balls",,,,,"objects",,6,"sfx/building_destroyed_01.wav",80,85,95,"sfx/building_destroyed_01.wav",80,85,95,,
,,,"Stone",,,,,,,,,,,,,,,,,
,,,"Grass",,,,,,,,,,,,,,,,,
,,,"hero_hit3",,,,,,,,,,,,,,,,,
,,,"Wizard_Tower_lightFlash",,,,,,,,,,,,,,,,,
,,,"Smoke",,,,,,,,,,,,,,,,,
,,,"Mortar_fireBalls",,,,,,,,,,,,,,,,,
,,,"Fire_balls",,,,,,,,,,,,,,,,,
,,,"Fire_balls",,,,,,,,,,,,,,,,,
,,,"Explosive_arrow",,,,,,,,,,,,,,,,,
"Archer Queen Scream",,,,,,,,,,,"sfx/archer_queen_scream_01.wav",90,100,100,"sfx/gob_attack_01.wav",40,60,60,,
"Small AirTrap",,,"small_airTrap_grass",,,,,"top",,,"sfx/air_trap.wav",90,100,100,"sfx/trap_eject_01v2.wav",80,100,100,,
,,,"small_airTrap_smoke",,,,,"objects",,,,,,,,,,,,
"Small AirTrap Explosion",,,"small_airTrap_smoke2",50,"true",,,"top",,,"sfx/cannon_fire3.wav",80,95,105,"sfx/mortar_hit_01.wav",80,95,105,,
,,,"small_airTrap_fireExplosion3",,,,,,,,,,,,,,,,,
,,,"small_airTrap_Explosion_3",,,,,,,,,,,,,,,,,
,,,"small_airTrap_wood",,,,,,,,,,,,,,,,,
,,,"small_airTrap_Hit",,,,,,,,,,,,,,,,,
,,,"small_airTrap_AirDefenceHit",,,,,,,,,,,,,,,,,
,,,"AirDefence3_hit2",,,,,,,,,,,,,,,,,
,,,"small_airTrap_wood",,,,,,,,,,,,,,,,,
,,,"small_airTrap_lightFlash",,,,,,,,,,,,,,,,,
"Large AirTrap Explosion",,,"large_airTrap_smoke2",50,"true",,,"top",,,"sfx/cannon_fire3.wav",80,95,105,"sfx/mortar_hit_01.wav",80,95,105,,
,,,"small_airTrap_Hit",,,,,,,,,,,,,,,,,
,,,"AirDefence3_hit2",,,,,,,,,,,,,,,,,
,,,"large_airTrap_explosion1",,,,,,,,,,,,,,,,,
,,,"large_airTrap_verticalLight",,,,,,,,,,,,,,,,,
,,,"small_airTrap_fireExplosion3",,,,,,,,,,,,,,,,,
,,,"large_airTrap_lightFlash",,,,,,,,,,,,,,,,,
,,,"large_airTrap_forceUp",,,,,,,,,,,,,,,,,
,,,"large_airTrap_forceDown",,,,,,,,,,,,,,,,,
"Golem Hit",,,"Golem_hit",,,,,"top",,,"sfx/stone_golem_hit_01.wav",70,95,105,"sfx/giant_attack_06.wav",70,90,110,,
,,,"DefenceHit",,,,,,,,,,,,,,,,,
,,,"Stone debris",,,,,"top",,,,,,,,,,,,
"Golem Attack",,,"Golem_hit",,,,,"top",,,"sfx/stone_golem_attack_01.wav",80,95,105,,,,,,
,,,"Stone debris",,,,,"ground",,,,,,,,,,,,
"Golem_split",,,"Stone_explosion",,,,,"top",,,"sfx/stone_golem_death_01.wav",80,95,105,,,,,,
,,,"Wizard_Tower_lightFlash",,,,,,,,,,,,,,,,,
,,,"Wizard_Tower_lightFlash2",,,,,,,,,,,,,,,,,
,,,"Fire_ballsBig",,,,,,,,,,,,,,,,,
,,,"Golem_hit",,,,,,,,,,,,,,,,,
,,,"Golem Split 1",,,,,,,,,,,,,,,,,
,,,"Golem Split 2",,,,,,,,,,,,,,,,,
"Small Golem Attack",,,"Stone debris small",,,,,"top",,,"sfx/stone_golem_attack_01.wav",60,120,130,,,,,,
,,,"Ground_ring",,,,,"ground",,,,,,,,,,,,
"Golem_die",,,"Stone_explosion",,,,,"top",,,"sfx/stone_golem_death_01.wav",80,120,130,,,,,,
,,,"Wizard_Tower_lightFlash",,,,,,,,,,,,,,,,,
,,,"Stone_explosion",,,,,,,,,,,,,,,,,
"Golem Deploy",,,"Deploy",20,,,,"objects",,,"sfx/stone_golem_deploy_01.wav",80,95,105,"sfx/gob_attack_01.wav",70,100,100,,
,,,"Grass",,,,,"objects",,,"sfx/stone_golem_deploy_01.wav",80,95,105,,,,,,
,,,"Place",,,,,"objects",,,"sfx/stone_golem_deploy_01.wav",80,95,105,,,,,,
"League_Promote",,,,,,,,,,,"sfx/league_promote.wav",90,75,75,"sfx/league_promote.wav",70,75,75,,
"League_Demote",,,,,,,,,,,"sfx/league_demote.wav",90,75,75,"sfx/league_demote.wav",70,75,75,,
"League_Bonus",,,,,,,,,,,"sfx/league_bonus.wav",100,100,100,"sfx/league_bonus.wav",80,100,100,,
"Dark Tower Attack 1",,,"DarkRay_1_light",10,"true",,"true","top","true",20,"sfx/laser_loop_02.wav",40,100,100,"sfx/laser_loop_02.wav",40,100,100,"true",
"Dark Tower Attack 2",,,"DarkRay_2_light",20,"true",,"true","top","true",20,"sfx/laser_loop_02.wav",60,120,120,"sfx/laser_loop_02.wav",50,120,120,"true",
"Dark Tower Attack 3",,,"DarkRay_3_light",30,"true",,"true","top","true",20,"sfx/laser_loop_02.wav",80,140,140,"sfx/laser_loop_02.wav",60,140,140,"true",
"Dark Tower lvl3 Attack 1",,,"DarkRay_lvl3_1_light",10,"true",,"true","top","true",20,"sfx/laser_loop_02.wav",40,100,100,"sfx/laser_loop_02.wav",40,100,100,"true",
"Dark Tower lvl3 Attack 2",,,"DarkRay_lvl3_2_light",20,"true",,"true","top","true",20,"sfx/laser_loop_02.wav",60,120,120,"sfx/laser_loop_02.wav",50,120,120,"true",
"Dark Tower lvl3 Attack 3",,,"DarkRay_lvl3_3_light",30,"true",,"true","top","true",20,"sfx/laser_loop_02.wav",80,140,140,"sfx/laser_loop_02.wav",60,140,140,"true",
"Dark Tower Hit",,,"Dark Tower Hit",,,,,"top",,,,,,,,,,,,"true"
,,,"Dark Tower Hit sparks",,,,,,,,,,,,,,,,,
,,,"Light Dust",,,,,,,,,,,,,,,,,
"Dark Tower Up 2",,,"DarkRay Up2",30,,,,"objects",,,"sfx/beam_up_02.wav",60,90,90,"sfx/beam_up_02.wav",60,90,90,,
"Dark Tower Up 3",,,"DarkRay Up3",40,,,,"objects",,,"sfx/beam_up_02.wav",75,110,110,"sfx/beam_up_02.wav",75,110,110,,
"Dark Tower Load",,,"Dark Tower Load",,,,,"top",,,"sfx/darktower_reload_01.wav",80,100,,"sfx/darktower_reload_01.wav",80,100,,,
"Dark Tower Pickup",,,"Grass",,"true",,,"objects",,,"sfx/darktower_pickup_01.wav",80,100,100,"sfx/darktower_pickup_01.wav",80,100,100,,
"Dark Tower Placing",,,"Grass",,"true",,,"objects",,,"sfx/darktower_place_01.wav",80,100,100,"sfx/darktower_place_01.wav",80,100,100,,
"Dark Tower No Ammo",,,"Dark Tower Empty",,,,,"top",,,"sfx/darktower_noammo_02.wav",80,100,,"sfx/darktower_noammo_02.wav",80,100,,,
"Freeze deploy lvl1",,,"Freeze_glow_blue_lvl1",,"true",,,"ground",,,"sfx/freeze_spell_01.wav",80,90,90,"sfx/mage_attack_02.wav",70,55,55,,
,,,"Freeze2_lvl1",,,,,,,,,,,,,,,,,
,,,"Freeze3_lvl1",,,,,,,,,,,,,,,,,
,,,"Freeze1_lvl1",,,,,,,,,,,,,,,,,
"Freeze deploy2 lvl1",,,"Freeze_dots1_lvl1",,"true",,,"top",,,,,,,,,,,,
,,,"Freeze_dots2_lvl1",,,,,,,,,,,,,,,,,
,,,"Freeze_crystal_lvl1",,,,,,,,,,,,,,,,,
"Freeze deploy lvl2",,,"Freeze_glow_blue_lvl2",,"true",,,"ground",,,"sfx/freeze_spell_01.wav",80,90,90,"sfx/mage_attack_02.wav",70,55,55,,
,,,"Freeze2_lvl2",,,,,,,,,,,,,,,,,
,,,"Freeze3_lvl2",,,,,,,,,,,,,,,,,
,,,"Freeze1_lvl2",,,,,,,,,,,,,,,,,
"Freeze deploy2 lvl2",,,"Freeze_dots1_lvl2",,"true",,,"top",,,,,,,,,,,,
,,,"Freeze_dots2_lvl2",,,,,,,,,,,,,,,,,
,,,"Freeze_crystal_lvl2",,,,,,,,,,,,,,,,,
"Freeze deploy lvl3",,,"Freeze_glow_blue_lvl3",,"true",,,"ground",,,"sfx/freeze_spell_01.wav",80,90,90,"sfx/mage_attack_02.wav",70,55,55,,
,,,"Freeze2_lvl3",,,,,,,,,,,,,,,,,
,,,"Freeze3_lvl3",,,,,,,,,,,,,,,,,
,,,"Freeze1_lvl3",,,,,,,,,,,,,,,,,
"Freeze deploy2 lvl3",,,"Freeze_dots1_lvl3",,"true",,,"top",,,,,,,,,,,,
,,,"Freeze_dots2_lvl3",,,,,,,,,,,,,,,,,
,,,"Freeze_crystal_lvl3",,,,,,,,,,,,,,,,,
"Freeze deploy lvl4",,,"Freeze_glow_blue_lvl4",,"true",,,"ground",,,"sfx/freeze_spell_01.wav",80,90,90,"sfx/mage_attack_02.wav",70,55,55,,
,,,"Freeze2_lvl4",,,,,,,,,,,,,,,,,
,,,"Freeze3_lvl4",,,,,,,,,,,,,,,,,
,,,"Freeze1_lvl4",,,,,,,,,,,,,,,,,
"Freeze deploy2 lvl4",,,"Freeze_dots1_lvl4",,"true",,,"top",,,,,,,,,,,,
,,,"Freeze_dots2_lvl4",,,,,,,,,,,,,,,,,
,,,"Freeze_crystal_lvl4",,,,,,,,,,,,,,,,,
"Freeze deploy lvl5",,,"Freeze_glow_blue_lvl5",,"true",,,"ground",,,"sfx/freeze_spell_01.wav",80,90,90,"sfx/mage_attack_02.wav",70,55,55,,
,,,"Freeze2_lvl5",,,,,,,,,,,,,,,,,
,,,"Freeze3_lvl5",,,,,,,,,,,,,,,,,
,,,"Freeze1_lvl5",,,,,,,,,,,,,,,,,
"Freeze deploy2 lvl5",,,"Freeze_dots1_lvl5",,"true",,,"top",,,,,,,,,,,,
,,,"Freeze_dots2_lvl5",,,,,,,,,,,,,,,,,
,,,"Freeze_crystal_lvl5",,,,,,,,,,,,,,,,,
"Freeze predeploy",,,"freeze_bottleDrop",,,,,"objects",,,"sfx/magic_bottle_fall_05.wav",80,95,95,"sfx/elixir_collect_02.wav",40,120,120,,
"Warlock Deploy",,,"Deploy",,,,,"objects",,,"sfx/witch_deploy_01.wav",65,95,105,"sfx/gob_attack_01.wav",40,100,100,,
"Warlock Attack",,,"Spawn_Dust",,"true",,,"objects",,,"sfx/slimeball_fire_05.wav",50,95,105,"sfx/mage_attack_02.wav",40,80,90,,
,,,"witch_attack_glow",,,,,,,,"sfx/slimeball_fire_05.wav",40,90,110,,,,,,
,,,,,,,,,,,"sfx/slimeball_fire_05.wav",40,95,105,,,,,,
"Warlock Hit",,,"Hit",,"true",,,"objects",,3,"sfx/wizard_hit_01.wav",40,80,100,"sfx/wizard_hit_01.wav",30,80,100,,
,,,"DefenceHit",,,,,,,,,,,,,,,,,
,,,"Fire_balls",,,,,,,,,,,,,,,,,
,,,"Explosion_3",,,,,,,,,,,,,,,,,
,,,"Wizard_Tower_lightFlash",,,,,,,,,,,,,,,,,
"Warlock Die",,,"Splat",,"true",,,"top",,,"sfx/witch_die_01.wav",70,95,105,"sfx/archer_death_05.wav",40,85,95,,
"Warlock Summon",,,"witch_lightrays",,,,,"ground",,,"sfx/witch_summon_01.wav",50,95,105,"sfx/healer_hit_01.wav",60,65,75,,
,,,"witch_summon_area_glow",,,,,,,,,,,,,,,,,
,,,"witch_summon_area_edge",,,,,,,,,,,,,,,,,
,,,"witch_rings",,,,,,,,,,,,,,,,,
"Skeleton Deploy","sc/buildings.sc","tesla_appear_fx","Deploy",,,,,"ground",,,"sfx/upfromground_05.wav",70,95,105,"sfx/healer_hit_01.wav",40,60,70,,
,,,"summon_crater_small",,,,,"ground",,,,,,,,,,,,
,,,"Spawn_Grass",,,,,"objects",,,,,,,,,,,,
,,,"Spawn_Rocks",,,,,"objects",,,,,,,,,,,,
,,,"Spawn_Dust",,,,,"top",,,,,,,,,,,,
"Skeleton Attack",,,,,,,,,,,"sfx/summon_attack_01.wav",50,90,110,"sfx/barbarian_sword_swing_hit_14.wav",40,70,80,,
,,,,,,,,,,,,,,,,,,,,
,,,,,,,,,,,,,,,,,,,,
"Skeleton Hit",,,"Hit",,"true",,,"objects",,,"sfx/barbarian_hit_stuff2.wav",20,75,80,"sfx/barbarian_hit_stuff2.wav",20,75,80,,
,,,,,,,,,,,"sfx/barbarian_hit_stuff3.wav",20,75,80,,,,,,
,,,,,,,,,,,"sfx/barbarian_hit_stuff4.wav",20,75,80,,,,,,
"Skeleton Die",,,"Splat",,"true",,,"top",,,"sfx/summon_die_02.wav",70,95,110,"sfx/dragon_die_01.wav",30,120,130,,
,,,,,,,,,,,"sfx/summon_die_02.wav",70,95,110,,,,,,
"Lightning area Halloween",,,"Lightning_area_halloween_effect1",,,,,"objects",,,"sfx/bottle_break_04_lightning_01.wav",80,100,100,"sfx/barb_deploy_11.wav",50,80,90,,
,,,"Explosion_3",,,,,,,,,,,,,,,,,
,,,"Explosion_flash",,,,,,,,,,,,,,,,,
,,,"Lightning_area_halloween_effect2",,,,,,,,,,,,,,,,,
,,,"Lightning_area_halloween_effect3",,,,,,,,,,,,,,,,,
,,,"Lightning_area_ring",,,,,,,,,,,,,,,,,
,,,"Lightning_area_halloween_effect4",,,,,,,,,,,,,,,,,
,,,"Lightning_area_halloween_effect5",,,,,,,,,,,,,,,,,
,,,"Lightning_areaTesla_effect1",,,,,,,,,,,,,,,,,
"Lightning Spell Hit Halloween",,,"bomb_crater_small",1000,"true",,,"top",,5,"sfx/lightning_amb_01.wav",70,95,105,"sfx/mortar_hit_01.wav",80,60,80,,
,,,"Ring_blue",,,,,,,,,,,,,,,,,
,,,"Explosion_1_small_green",,"true",,,"top",,,,,,,,,,,,
,,,"Grass",,"true",,,"top",,,,,,,,,,,,
,,,"Stone_explosion",,"true",,,"top",,,,,,,,,,,,
,,,"Stone",,"true",,,"top",,,,,,,,,,,,
,,,"explosion_blast_green",,"true",,,"top",,,,,,,,,,,,
,,,"Wizard_Tower_hit_green",,,,,,,,,,,,,,,,,
,,,"Stone",,,,,,,,,,,,,,,,,
,,,"Grass",,,,,,,,,,,,,,,,,
,,,"Wizard_Tower_hit_green",,,,,,,,,,,,,,,,,
,,,"Stone_explosion",,,,,,,,,,,,,,,,,
,,,"Explosion_3_green",,,,,,,,,,,,,,,,,
,,,"Fire_balls",,,,,,,,,,,,,,,,,
,,,"Super_Bomb_green",,,,,,,,,,,,,,,,,
,,,"Smoke_green",,,,,,,,,,,,,,,,,
,,,"batcloud",,,,,,,,,,,,,,,,,
"Trap Repaired",,,"Trap Ready",,,,,"top",,30,"sfx/rearm_jingle_01.wav",80,100,100,"sfx/xp_gain_06.wav",80,100,100,,
"Trap broken",,,"TrapSmoke",,"true",,"true","top",,30,,,,,,,,,,
"Gift Trap trigger",,,"Gift Debris",,"true",,,"objects",,,"sfx/cannon_fire3.wav",60,90,110,"sfx/mortar_hit_01.wav",70,140,150,,
"Dark Tower Target",,,"Place",,,,,"top",,,"sfx/darktower_place_01.wav",80,100,100,"sfx/darktower_place_01.wav",80,100,100,,
"Clear Bonus Gems",,,"Bonus_Gems",,,,,"top",,,"sfx/collect_diamonds_01.wav",70,100,100,"sfx/collect_diamonds_01.wav",60,100,100,,
,,,"Gem_light_streaks",,,,,,,,,,,,,,,,,
"King Ability Effect",,,"king_rangeRing3",,"true",,,"ground",,,"sfx/barb_king_rage_fist_01.wav",90,100,100,"sfx/barbarian_sword_swing_hit_14.wav",50,70,75,,
,,,"king_glowPurple",,,,,"ground",,,,,,,,,,,,
,,,"king_rangeRingOutter",,,,,"ground",,,,,,,,,,,,
,,,"rage_rangeRing1King",,,,,"ground",,,,,,,,,,,,
,,,"rage_kingFlames",,,,,"objects",,,,,,,,,,,,
"Queen Ability Effect",,,"queen_ability_fxlines1",,,,,"top",,,"sfx/archer_invis_01v2.wav",90,100,100,"sfx/gob_attack_01.wav",40,60,60,,
,,,"queen_ability_glow",,,,,,,,,,,,,,,,,
,,,"queen_spark_fx",,,,,,,,,,,,,,,,,
"Chest Pickup",,,"Wood",,,,,"objects",,,"sfx/tap_chest_01.wav",70,95,105,"sfx/wall_pickup_01.wav",60,100,100,,
"Spell Factory Place",,,"Place",,"true",,,"objects",,,"sfx/spellfactory_place_01.wav",80,100,100,"sfx/cannon_drop2.wav",80,100,100,,
,,,"Grass",,"true",,,"objects",,,,,,,,,,,,
"Spell Factory Pickup",,,"Grass",,,,,"top",,,"sfx/spellfactory_pickup_01.wav",80,100,100,"sfx/wall_pickup_01.wav",80,100,100,,
"Totem Slow",,,"totem_slow",,"true","true",,"ground",,,"sfx/bottle_rage_magic_07v2.wav",90,75,75,"sfx/explosion_02.wav",80,70,80,,
"Embers",,,"EmberParticles",,"true","true","true","top",,30,,,,,,,,,,
"Tiny Deploy",,,"Deploy",20,"true","true",,"objects",,,"sfx/tiny_deploy_05.wav",70,90,110,"sfx/mage_attack_02.wav",60,70,80,,
"Tiny Die",,,"large_airTrap_explosion1",,"true",,,"top",,7,"sfx/tiny_die_03.wav",90,95,105,"sfx/explosion_02.wav",80,70,80,,
,,,"Force",,,,,,,,,,,,,,,,,
,,,"Explosion_flash",,,,,,,,,,,,,,,,,
,,,"Fire_ballsBig",,,,,,,,,,,,,,,,,
,,,"Stone_explosion",,,,,,,,,,,,,,,,,
,,,"small_airTrap_fireExplosion3",,,,,,,,,,,,,,,,,
"Tiny Attack",,,"Tiny_spit",,"true",,,"objects",,8,"sfx/tiny_attack_04.wav",60,90,110,"sfx/giant_attack_06.wav",30,70,80,,
"Tiny Hit",,,"Tiny_spit",,"true",,,"top",,,"sfx/tiny_hurt_02.wav",60,90,110,"sfx/wizard_hit_01.wav",30,70,80,,
,,,"Hit",,,,,,,,,,,,,,,,,
"Tinymite Die",,,"Tiny Splat",,"true",,,"top",,,"sfx/tinymite_die_03.wav",50,90,110,"sfx/mortar_hit_01.wav",40,145,155,,
,,,"Fire_ballsBigTranslateUp",,,,,,,,,,,,,,,,,
"Tinymite Attack",,,"Tinymite_spit",,"true",,,"objects",,5,"sfx/tinymite_attack_04.wav",40,90,110,"sfx/wizard_hit_01.wav",20,110,120,,
"Tinymite Hit",,,"Tinymite_spit",,"true",,,"top",,,"sfx/tinymite_hurt_01.wav",40,90,110,"sfx/mortar_hit_01.wav",20,180,190,,
,,,"Hit",,,,,,,,,,,,,,,,,
"Skeleton Trap",,,"Stone",,"true",,,"top",,,"sfx/coffin_popup_01.wav",80,98,102,,,,,,
,,,"Grass",,"true",,,"top",,,,,,,,,,,,
,,,"Rocks",,"true",,,"objects",,,,,,,,,,,,
,,,"Smoke",,,,,"objects",,,,,,,,,,,,
"Skeleton Trap Pick Up",,,,,,,,,,,"sfx/coffin_pickup_01.wav",60,96,104,"sfx/wall_pickup_01.wav",40,100,100,,
"Skeleton Trap Placing",,,"Place",,"true",,,"top",,,"sfx/coffin_place_01.wav",60,96,104,"sfx/cannon_drop2.wav",40,100,100,,
"Skeleton Trap Target",,,"Place",,,,,"top",,,"sfx/coffin_place_01.wav",60,96,104,"sfx/moving_07.wav",60,80,90,,
"Headstone Pickup",,,"Grass",,,,,"objects",,,"sfx/bush2-halloween.wav",80,100,100,"sfx/wall_pickup_01.wav",60,100,100,,
,,,,,,,,,,,,,,,,,,,,
"Present Open",,,"presentOpen_sparkle",,"true",,,"top",,,"sfx/collect_diamonds_01.wav",70,100,100,"sfx/collect_diamonds_01.wav",60,100,100,,
,,,"presentOpen_sparkleRed",,"true",,,"top",,,,,,,,,,,,
,,,"presentOpen_rays",,"true",,,"top",,,,,,,,,,,,
,,,"presentOpen_sparkleRedB",,"true",,,"top",,,,,,,,,,,,
