"TID","EN","FR","DE","ES","IT","NL","NO","PT","TR","JP","CN","KR","RU"
"string","string","string","string","string","string","string","string","string","string","string","string","string","string"
"TID_AIR_BLASTER","Air Sweeper","Propulseur d'air","Luftfeger","Controlador aéreo","Volanò","Windmachine","Luftblåser","Dispersor aéreo","Hava Patlatıcı","エアスイーパー","空气炮","바람 방출기","Чистильщик"
"TID_AIR_BLASTER_INFO","Air Sweepers control the sky with strong blasts of air that push back flying enemies. Air Sweepers can only face one direction, so rotate them to maximize their effectiveness.","Le propulseur d'air permet de contrôler le ciel avec de puissantes bourrasques qui repoussent les ennemis volants. Il fonctionne dans une seule direction, alors faites-le pivoter pour un maximum d'efficacité !","Luftfeger beherrschen den Himmel mit starken Windstößen, die fliegende Feinde zurückdrängen. Sie können nur in eine Richtung zeigen. Drehe deine Luftfeger so, dass sie am effektivsten eingesetzt werden können!","Controla los cielos con potentes ráfagas de viento que hacen retroceder a los enemigos aéreos. Solo puede apuntar hacia una dirección; así que hazlo girar para maximizar su efectividad.","Il Volanò emette potenti folate di vento che respingono i nemici. Puoi dirigerlo in un'unica direzione, per cui ruotalo per massimizzarne l'efficacia.","Windmachines zijn heer en meester in de lucht waar zij met hevige windvlagen vliegende vijanden terugdringen. Windmachines kunnen maar één kant op wijzen, dus draai ze om ze optimaal te gebruiken!","Luftblåsere kontrollerer himmelen med kraftige luftutblåsninger som dytter tilbake flygende fiender. Luftblåsere kan bare vende i én retning, så roter dem for at de skal bli maksimalt effektive.","Dispersores aéreos controlam o céu com rajadas de ar potentes que afugentam inimigos voadores. Só podem ser direcionados para um lado de cada vez, então gire-os para maximizar a eficácia.","Hava Patlatıcılar gökleri, uçan düşmanları geri püskürten güçlü hava patlamalarıyla kontrol ederler. Hava Patlatıcılar sadece tek yöne bakabilirler, bu yüzden etkinliklerini azami düzeye çıkarmak için onları döndürün.","エアスイーパーは、ものすごい突風を起こして飛行ユニットを押し返し、上空を防御します。エアスイーパーは向いている方向にしか効果がないので、上手に方向転換させて効果をフルに発揮しましょう！","空气利用强力气流控制着天空，可以击退飞行的敌人。空气炮仅能面向一个方向射击。因此，请旋转它们以获取最大功效！","바람 방출기는 강력한 바람을 내뿜어 공중의 적을 밀어내며 하늘을 방어합니다. 바람 방출기의 바람은 한 방향으로만 보낼 수 있으므로, 방향을 바꿔가며 최대한의 효과를 얻으세요 !","Чистильщики контролируют небеса, мощными потоками воздуха отбрасывая летающих противников. Чистильщики могут быть направлены только в одну сторону, так что повращайте их, чтобы найти лучшую позицию!"
"TID_NEWS_UPDATE_AIR_MORTAR_TITLE","New anti-air defense: The Air Sweeper","Nouvelle défense anti-aérienne : le propulseur d'air","Neue Abwehr gegen Luftangriffe: Der Luftfeger","Nueva defensa antiaérea: ¡los controladores aéreos!","Nuova difesa antiaerea: Volanò","Nieuwe luchtafweer: de windmachine","Nytt luftforsvar: luftblåseren","Nova defesa anti-aérea: o dispersor aéreo","Yeni hava savunması: Hava Patlatıcı","新しい対空防衛設備：エアスイーパー","全新防空武器：空气炮","새로운 대공 방어 시설: 바람 방출기","Новое противовоздушное сооружение: Чистильщик"
"TID_NEWS_UPDATE_AIR_MORTAR_TEXT","* Push back groups of flying enemies with strong blasts of air!\n* Air Sweepers deal no damage, but are great at slowing the progress of air attacks\n* Air Sweepers can only face one way, but can be rotated to a direction of your choosing\n* Unlocked at Town Hall 6, Air Sweepers gain more pushing strength when upgraded","* Repoussez des groupes d'ennemis volants grâce à de puissantes rafales de vent !\n* Le propulseur d'air n'inflige aucun dégât, mais permet de ralentir efficacement les attaques aériennes.\n* Le propulseur d'air ne fonctionne que dans une direction, mais peut être orienté dans celle de votre choix.\n* Disponible à partir du niveau 6 de l'hôtel de ville, le propulseur d'air gagne en puissance à chaque amélioration.","* Dränge Gruppen von fliegenden Feinden mit starken Windstößen zurück!\n* Luftfeger verursachen keinen Schaden, können aber den Vorstoß feindlicher Lufteinheiten wirksam bremsen.\n* Luftfeger können nur in eine Richtung zeigen. Sie können jedoch in die gewünschte Richtung gedreht werden.\n* Luftfeger werden ab Rathaus-Level 6 freigeschaltet und gewinnen an Schubkraft, wenn sie verbessert werden.","* Hacen retroceder a grupos de enemigos voladores con potentes ráfagas de viento.\n* No infligen ningún daño, pero son perfectos para frenar el avance de los atacantes aéreos.\n* Solo pueden mirar hacia una dirección, pero puedes girarlos hacia donde quieras.\n* Se desbloquean en el nivel 6 de ayuntamiento y su potencia aumenta al mejorarlos.","* Respingi gruppi di nemici volanti con potenti folate!\n* Il Volanò non infligge danni, ma è perfetto per rallentare gli attacchi aerei\n* Il Volanò attacca in un'unica direzione, ma puoi ruotarlo a tuo piacimento\n* Il Volanò si sblocca con Municipio al livello 6 e diventa più potente quando viene potenziato","* Dring groepen vliegende vijanden terug met hevige windvlagen!\n* Windmachines veroorzaken geen schade, maar zijn erg goed in het vertragen van luchtaanvallen\n* Windmachines kunnen maar één kant op blazen, maar je kunt ze wel draaien in de richting van je keuze\n* Windmachines zijn beschikbaar vanaf stadhuislevel 6 en winnen aan blaaskracht na een upgrade","* Hold grupper med flygende fiender unna med kraftige luftutblåsninger!\n* Luftblåsere påfører ingen skade, men er gode til å sinke fremdriften til luftbårne angrep\n* Luftblåsere kan bare vende én vei, men kan roteres i den retningen du ønsker\n* Luftblåsere låses opp på rådhus 6, og de dytter kraftigere når de blir oppgradert","* Afugente grupos de inimigos voadores com rajadas de ar potentes!\n* Dispersores aéreos não causam dano, mas são ótimos para desacelerar o progresso de ataques aéreos\n* Dispersores aéreos só podem ser direcionados para um lado de cada vez, mas você pode girá-los para a direção que quiser\n* Desbloqueados no nível 6 do Centro da Vila, os dispersores aéreos ganham mais potência ao serem melhorados","* Güçlü hava patlamalarıyla uçan düşman gruplarını püskürtün!\n* Hava Patlatıcılar zarar vermez ama hava saldırılarının ilerlemesini yavaşlatmada çok etkilidir\n* Hava Patlatıcılar sadece tek yöne bakabilir, ama istediğiniz yöne doğru döndürülebilir\n* Belediye Binası 6'da kilidi açılan Hava Patlatıcılar yükseltildiklerinde daha fazla püskürtme kuvveti kazanırlar","* 向かってくる飛行ユニットのグループを、ものすごい突風で押し返します！\n* エアスイーパーは敵にダメージを与えることはできませんが、敵の飛行部隊の進軍を大幅に遅らせることができます。\n* 一方向にしか攻撃できませんが、回転させることで好きな方角をターゲットにできます。\n* エアスイーパーはタウンホールレベル6から使うことができます。アップグレードすると押し返す力が強力になります。","* 用强力空气弹将多组飞行中的敌人击退！\n* 空气炮不会造成伤害，但可以有效拖慢空中攻击的速度\n* 空气炮仅可面对一个方向，但您可以旋转更改它的方向\n* 空气炮在第6级大本营时解锁，升级可以增加它的推击力度","* 강력한 바람을 내뿜어 공중의 적들을 밀어냅니다!\n* 바람 방출기는 피해를 주지는 않지만 공중의 적들을 저지하는 데 큰 도움이 됩니다.\n* 바람 방출기는 한쪽으로만 바람을 보낼 수 있지만, 방출기를 회전시켜 방향을 바꿀 수 있습니다.\n* 바람 방출기는 6레벨 마을 회관에서 잠금 해제되며, 업그레이드하면 바람의 압력이 더 강해집니다.","* Отбрасывайте целые группы летающих противников мощным порывом ветра!\n* Чистильщик не наносит урона, но позволяет значительно замедлить продвижение врага\n* Чистильщик стреляет только в одну сторону, но вы можете развернуть его, как захотите\n* Открывается на 6 уровне ратуши, и по мере улучшения становится только сильнее"
