"Name","TeamSize","PreparationMinutes","WarMinutes","BonusPercentWin","BonusPercentLose","BonusPercentDraw","DisableProduction"
"String","int","int","int","int","int","int","boolean"
"Test_1",1,3,3,500,100,200,"true"
"Test_2",2,3,3,500,100,200,"true"
"Test_3",3,3,3,500,100,200,"true"
"Test_4",5,3,3,500,100,200,"true"
"Small_1",10,10,10,500,100,200,
"Small_2",15,10,10,500,100,200,
"Medium_1",20,10,10,520,110,215,
"Medium_2",25,10,10,520,110,215,
"Large_1",30,10,10,550,120,230,
"Large_2",35,10,10,550,120,230,
"Epic_1",40,10,10,600,130,250,
"Epic_2",45,10,10,600,130,250,
"Epic_3",50,10,10,600,130,250,
