{"buildings":[{"data":1000001,"lvl":2,"x":18,"y":20},{"data":1000008,"lvl":5,"x":21,"y":28},{"data":1000008,"lvl":5,"x":17,"y":28},{"data":1000010,"lvl":0,"x":15,"y":28},{"data":1000010,"lvl":1,"x":25,"y":15},{"data":1000010,"lvl":1,"x":24,"y":15},{"data":1000010,"lvl":1,"x":23,"y":15},{"data":1000010,"lvl":1,"x":22,"y":15},{"data":1000010,"lvl":1,"x":21,"y":15},{"data":1000010,"lvl":1,"x":20,"y":15},{"data":1000010,"lvl":1,"x":19,"y":15},{"data":1000010,"lvl":1,"x":18,"y":15},{"data":1000010,"lvl":1,"x":17,"y":15},{"data":1000010,"lvl":1,"x":16,"y":15},{"data":1000010,"lvl":1,"x":15,"y":15},{"data":1000010,"lvl":0,"x":16,"y":28},{"data":1000010,"lvl":0,"x":14,"y":28},{"data":1000010,"lvl":0,"x":14,"y":27},{"data":1000010,"lvl":0,"x":14,"y":26},{"data":1000010,"lvl":0,"x":14,"y":25},{"data":1000010,"lvl":0,"x":14,"y":24},{"data":1000010,"lvl":0,"x":14,"y":23},{"data":1000010,"lvl":0,"x":14,"y":22},{"data":1000010,"lvl":0,"x":14,"y":21},{"data":1000010,"lvl":0,"x":14,"y":20},{"data":1000010,"lvl":0,"x":14,"y":19},{"data":1000010,"lvl":0,"x":13,"y":19},{"data":1000010,"lvl":0,"x":13,"y":17},{"data":1000010,"lvl":0,"x":14,"y":16},{"data":1000010,"lvl":1,"x":14,"y":15},{"data":1000010,"lvl":0,"x":16,"y":29},{"data":1000010,"lvl":0,"x":14,"y":17},{"data":1000010,"lvl":2,"x":22,"y":23},{"data":1000010,"lvl":2,"x":22,"y":20},{"data":1000010,"lvl":2,"x":17,"y":23},{"data":1000010,"lvl":2,"x":17,"y":20},{"data":1000010,"lvl":0,"x":16,"y":30},{"data":1000010,"lvl":0,"x":16,"y":31},{"data":1000010,"lvl":0,"x":17,"y":31},{"data":1000010,"lvl":0,"x":18,"y":31},{"data":1000010,"lvl":0,"x":23,"y":31},{"data":1000010,"lvl":0,"x":24,"y":31},{"data":1000010,"lvl":0,"x":24,"y":30},{"data":1000010,"lvl":0,"x":24,"y":29},{"data":1000010,"lvl":0,"x":25,"y":28},{"data":1000010,"lvl":0,"x":24,"y":28},{"data":1000010,"lvl":0,"x":26,"y":28},{"data":1000010,"lvl":0,"x":26,"y":27},{"data":1000010,"lvl":0,"x":26,"y":26},{"data":1000010,"lvl":0,"x":26,"y":25},{"data":1000010,"lvl":0,"x":26,"y":24},{"data":1000010,"lvl":0,"x":26,"y":23},{"data":1000010,"lvl":0,"x":26,"y":22},{"data":1000010,"lvl":0,"x":26,"y":21},{"data":1000010,"lvl":0,"x":26,"y":20},{"data":1000010,"lvl":0,"x":26,"y":19},{"data":1000010,"lvl":0,"x":26,"y":18},{"data":1000010,"lvl":0,"x":26,"y":17},{"data":1000010,"lvl":0,"x":26,"y":16},{"data":1000010,"lvl":1,"x":26,"y":15},{"data":1000009,"lvl":6,"x":18,"y":17},{"data":1000010,"lvl":2,"x":17,"y":21},{"data":1000010,"lvl":2,"x":17,"y":22},{"data":1000010,"lvl":2,"x":17,"y":24},{"data":1000010,"lvl":2,"x":18,"y":24},{"data":1000010,"lvl":2,"x":19,"y":24},{"data":1000010,"lvl":2,"x":20,"y":24},{"data":1000010,"lvl":2,"x":22,"y":23},{"data":1000010,"lvl":2,"x":22,"y":22},{"data":1000010,"lvl":2,"x":22,"y":21},{"data":1000010,"lvl":2,"x":22,"y":23},{"data":1000010,"lvl":2,"x":17,"y":22},{"data":1000010,"lvl":0,"x":19,"y":32},{"data":1000010,"lvl":0,"x":22,"y":31},{"data":1000010,"lvl":0,"x":21,"y":32},{"data":1000010,"lvl":2,"x":22,"y":24},{"data":1000010,"lvl":2,"x":21,"y":24},{"data":1000018,"lvl":0,"x":22,"y":16,"units":[],"storage_type":0},{"data":1000018,"lvl":0,"x":24,"y":16,"units":[],"storage_type":0},{"data":1000003,"lvl":2,"x":23,"y":25},{"data":1000003,"lvl":2,"x":23,"y":22},{"data":1000005,"lvl":2,"x":15,"y":25},{"data":1000003,"lvl":2,"x":23,"y":19},{"data":1000008,"lvl":6,"x":19,"y":25}],"obstacles":[{"data":8000000,"x":4,"y":24},{"data":8000003,"x":6,"y":23},{"data":8000002,"x":8,"y":34},{"data":8000012,"x":14,"y":29},{"data":8000012,"x":19,"y":10},{"data":8000010,"x":9,"y":9},{"data":8000006,"x":4,"y":16},{"data":8000011,"x":23,"y":32},{"data":8000000,"x":6,"y":38},{"data":8000000,"x":22,"y":38},{"data":8000000,"x":38,"y":26},{"data":8000001,"x":30,"y":32},{"data":8000000,"x":34,"y":38},{"data":8000000,"x":38,"y":38},{"data":8000000,"x":8,"y":38},{"data":8000000,"x":4,"y":38},{"data":8000000,"x":36,"y":38},{"data":8000000,"x":30,"y":38},{"data":8000000,"x":38,"y":36},{"data":8000000,"x":4,"y":26},{"data":8000000,"x":12,"y":38},{"data":8000000,"x":28,"y":38},{"data":8000000,"x":26,"y":38},{"data":8000000,"x":4,"y":34},{"data":8000000,"x":16,"y":38},{"data":8000000,"x":14,"y":38},{"data":8000000,"x":18,"y":38},{"data":8000000,"x":4,"y":22},{"data":8000000,"x":38,"y":30},{"data":8000000,"x":4,"y":28},{"data":8000000,"x":24,"y":38},{"data":8000000,"x":32,"y":38},{"data":8000000,"x":10,"y":38},{"data":8000000,"x":38,"y":28},{"data":8000000,"x":38,"y":32},{"data":8000000,"x":4,"y":30},{"data":8000000,"x":4,"y":18},{"data":8000000,"x":38,"y":34},{"data":8000000,"x":4,"y":36},{"data":8000000,"x":4,"y":32},{"data":8000000,"x":20,"y":38},{"data":8000000,"x":4,"y":20},{"data":8000000,"x":4,"y":14},{"data":8000000,"x":4,"y":12},{"data":8000000,"x":4,"y":10},{"data":8000000,"x":4,"y":8},{"data":8000000,"x":4,"y":6},{"data":8000000,"x":4,"y":4},{"data":8000000,"x":6,"y":4},{"data":8000000,"x":8,"y":4},{"data":8000000,"x":10,"y":4},{"data":8000000,"x":12,"y":4},{"data":8000000,"x":14,"y":4},{"data":8000000,"x":16,"y":4},{"data":8000000,"x":18,"y":4},{"data":8000000,"x":20,"y":4},{"data":8000000,"x":22,"y":4},{"data":8000000,"x":24,"y":4},{"data":8000000,"x":26,"y":4},{"data":8000000,"x":28,"y":4},{"data":8000000,"x":30,"y":4},{"data":8000000,"x":32,"y":4},{"data":8000000,"x":34,"y":4},{"data":8000000,"x":36,"y":4},{"data":8000000,"x":38,"y":4},{"data":8000000,"x":38,"y":6},{"data":8000000,"x":38,"y":8},{"data":8000000,"x":38,"y":10},{"data":8000000,"x":38,"y":12},{"data":8000000,"x":38,"y":14},{"data":8000000,"x":38,"y":16},{"data":8000000,"x":38,"y":18},{"data":8000000,"x":38,"y":20},{"data":8000000,"x":38,"y":22},{"data":8000000,"x":38,"y":24},{"data":8000008,"x":34,"y":23},{"data":8000000,"x":15,"y":16},{"data":8000019,"x":10,"y":23},{"data":8000020,"x":25,"y":29},{"data":8000020,"x":11,"y":14},{"data":8000000,"x":15,"y":21},{"data":8000000,"x":15,"y":23}],"traps":[{"data":12000001,"x":14,"y":18}],"decos":[{"data":18000001,"x":21,"y":18},{"data":18000001,"x":16,"y":18},{"data":18000001,"x":27,"y":27},{"data":18000001,"x":12,"y":27},{"data":18000001,"x":19,"y":13}],"respawnVars":{"secondsFromLastRespawn":0,"respawnSeed":1529463799,"obstacleClearCounter":0},"cooldowns":[],"newShopBuildings":[2,0,3,2,3,2,2,1,2,1,50,0,0,1,1,5,0,0,0,0,0,0,0,0,0,0,0],"newShopTraps":[2,0,0,0,0,0,0],"newShopDecos":[1,4,0,0,1,0,0,0,0,0,0,0,0,0,0,0,0,0,0,0,0,0,0,0,0,0,0,0,0,0,0,0,0,0,0]}