{"buildings":[{"data":1000001,"lvl":3,"x":20,"y":20},{"data":1000010,"lvl":3,"x":30,"y":11},{"data":1000010,"lvl":3,"x":24,"y":11},{"data":1000010,"lvl":3,"x":32,"y":11},{"data":1000010,"lvl":3,"x":29,"y":11},{"data":1000010,"lvl":3,"x":33,"y":18},{"data":1000010,"lvl":3,"x":33,"y":16},{"data":1000010,"lvl":3,"x":33,"y":15},{"data":1000010,"lvl":3,"x":31,"y":11},{"data":1000010,"lvl":3,"x":12,"y":29},{"data":1000010,"lvl":3,"x":12,"y":30},{"data":1000010,"lvl":3,"x":12,"y":31},{"data":1000010,"lvl":3,"x":13,"y":32},{"data":1000010,"lvl":3,"x":12,"y":32},{"data":1000010,"lvl":3,"x":12,"y":28},{"data":1000010,"lvl":3,"x":12,"y":26},{"data":1000010,"lvl":3,"x":12,"y":27},{"data":1000010,"lvl":3,"x":12,"y":25},{"data":1000010,"lvl":3,"x":14,"y":32},{"data":1000010,"lvl":3,"x":33,"y":26},{"data":1000010,"lvl":3,"x":33,"y":27},{"data":1000010,"lvl":3,"x":33,"y":30},{"data":1000010,"lvl":3,"x":30,"y":32},{"data":1000010,"lvl":3,"x":33,"y":32},{"data":1000010,"lvl":3,"x":33,"y":31},{"data":1000010,"lvl":3,"x":33,"y":29},{"data":1000010,"lvl":3,"x":33,"y":28},{"data":1000010,"lvl":3,"x":33,"y":25},{"data":1000010,"lvl":3,"x":33,"y":24},{"data":1000010,"lvl":3,"x":33,"y":23},{"data":1000010,"lvl":3,"x":33,"y":22},{"data":1000010,"lvl":3,"x":33,"y":21},{"data":1000010,"lvl":3,"x":33,"y":20},{"data":1000010,"lvl":3,"x":33,"y":19},{"data":1000010,"lvl":3,"x":33,"y":17},{"data":1000010,"lvl":3,"x":33,"y":14},{"data":1000010,"lvl":3,"x":33,"y":13},{"data":1000010,"lvl":3,"x":33,"y":12},{"data":1000010,"lvl":3,"x":33,"y":11},{"data":1000010,"lvl":3,"x":28,"y":11},{"data":1000010,"lvl":3,"x":27,"y":11},{"data":1000010,"lvl":3,"x":26,"y":11},{"data":1000010,"lvl":3,"x":25,"y":11},{"data":1000010,"lvl":3,"x":19,"y":11},{"data":1000010,"lvl":3,"x":18,"y":11},{"data":1000010,"lvl":3,"x":17,"y":11},{"data":1000010,"lvl":3,"x":15,"y":32},{"data":1000010,"lvl":3,"x":16,"y":32},{"data":1000010,"lvl":3,"x":17,"y":32},{"data":1000010,"lvl":3,"x":31,"y":32},{"data":1000010,"lvl":3,"x":29,"y":32},{"data":1000010,"lvl":3,"x":28,"y":32},{"data":1000010,"lvl":3,"x":27,"y":32},{"data":1000010,"lvl":3,"x":26,"y":32},{"data":1000010,"lvl":3,"x":18,"y":32},{"data":1000010,"lvl":3,"x":19,"y":32},{"data":1000010,"lvl":3,"x":20,"y":32},{"data":1000010,"lvl":3,"x":23,"y":32},{"data":1000010,"lvl":3,"x":31,"y":25},{"data":1000010,"lvl":3,"x":24,"y":32},{"data":1000010,"lvl":3,"x":25,"y":32},{"data":1000010,"lvl":3,"x":20,"y":11},{"data":1000010,"lvl":3,"x":12,"y":24},{"data":1000010,"lvl":3,"x":12,"y":23},{"data":1000010,"lvl":3,"x":12,"y":22},{"data":1000010,"lvl":3,"x":12,"y":21},{"data":1000010,"lvl":3,"x":12,"y":20},{"data":1000010,"lvl":3,"x":12,"y":19},{"data":1000010,"lvl":3,"x":12,"y":18},{"data":1000010,"lvl":3,"x":12,"y":17},{"data":1000010,"lvl":3,"x":12,"y":16},{"data":1000010,"lvl":3,"x":12,"y":15},{"data":1000010,"lvl":3,"x":12,"y":14},{"data":1000010,"lvl":3,"x":16,"y":11},{"data":1000010,"lvl":3,"x":15,"y":11},{"data":1000010,"lvl":3,"x":14,"y":11},{"data":1000010,"lvl":3,"x":12,"y":13},{"data":1000010,"lvl":3,"x":12,"y":12},{"data":1000010,"lvl":3,"x":12,"y":11},{"data":1000010,"lvl":3,"x":13,"y":11},{"data":1000010,"lvl":3,"x":31,"y":24},{"data":1000010,"lvl":3,"x":31,"y":23},{"data":1000010,"lvl":3,"x":31,"y":20},{"data":1000010,"lvl":3,"x":31,"y":19},{"data":1000010,"lvl":3,"x":31,"y":18},{"data":1000010,"lvl":3,"x":31,"y":17},{"data":1000010,"lvl":3,"x":31,"y":16},{"data":1000010,"lvl":3,"x":31,"y":15},{"data":1000010,"lvl":3,"x":31,"y":14},{"data":1000010,"lvl":3,"x":31,"y":13},{"data":1000010,"lvl":3,"x":29,"y":13},{"data":1000010,"lvl":3,"x":28,"y":13},{"data":1000010,"lvl":3,"x":27,"y":13},{"data":1000010,"lvl":3,"x":26,"y":13},{"data":1000010,"lvl":3,"x":25,"y":13},{"data":1000010,"lvl":3,"x":24,"y":13},{"data":1000010,"lvl":3,"x":23,"y":13},{"data":1000010,"lvl":3,"x":22,"y":13},{"data":1000010,"lvl":3,"x":21,"y":13},{"data":1000010,"lvl":3,"x":20,"y":13},{"data":1000010,"lvl":3,"x":19,"y":13},{"data":1000010,"lvl":3,"x":18,"y":13},{"data":1000010,"lvl":3,"x":17,"y":13},{"data":1000010,"lvl":3,"x":16,"y":13},{"data":1000010,"lvl":3,"x":15,"y":13},{"data":1000010,"lvl":3,"x":14,"y":13},{"data":1000010,"lvl":3,"x":16,"y":30},{"data":1000010,"lvl":3,"x":17,"y":30},{"data":1000010,"lvl":3,"x":18,"y":30},{"data":1000010,"lvl":3,"x":19,"y":30},{"data":1000010,"lvl":3,"x":20,"y":30},{"data":1000010,"lvl":3,"x":21,"y":30},{"data":1000010,"lvl":3,"x":22,"y":30},{"data":1000010,"lvl":3,"x":23,"y":30},{"data":1000010,"lvl":3,"x":24,"y":30},{"data":1000010,"lvl":3,"x":25,"y":30},{"data":1000010,"lvl":3,"x":26,"y":30},{"data":1000010,"lvl":3,"x":27,"y":30},{"data":1000010,"lvl":3,"x":28,"y":30},{"data":1000010,"lvl":3,"x":29,"y":30},{"data":1000010,"lvl":3,"x":31,"y":30},{"data":1000010,"lvl":3,"x":31,"y":29},{"data":1000010,"lvl":3,"x":31,"y":28},{"data":1000010,"lvl":3,"x":31,"y":27},{"data":1000010,"lvl":3,"x":31,"y":26},{"data":1000010,"lvl":3,"x":27,"y":21},{"data":1000010,"lvl":3,"x":27,"y":20},{"data":1000010,"lvl":3,"x":27,"y":19},{"data":1000010,"lvl":3,"x":27,"y":18},{"data":1000010,"lvl":3,"x":27,"y":17},{"data":1000010,"lvl":3,"x":27,"y":16},{"data":1000010,"lvl":3,"x":26,"y":16},{"data":1000010,"lvl":3,"x":25,"y":16},{"data":1000010,"lvl":3,"x":24,"y":16},{"data":1000010,"lvl":3,"x":23,"y":16},{"data":1000010,"lvl":3,"x":20,"y":16},{"data":1000010,"lvl":3,"x":19,"y":16},{"data":1000010,"lvl":3,"x":18,"y":16},{"data":1000010,"lvl":3,"x":17,"y":16},{"data":1000010,"lvl":3,"x":17,"y":17},{"data":1000010,"lvl":3,"x":17,"y":18},{"data":1000010,"lvl":3,"x":17,"y":19},{"data":1000010,"lvl":3,"x":17,"y":20},{"data":1000010,"lvl":3,"x":17,"y":21},{"data":1000010,"lvl":3,"x":17,"y":22},{"data":1000010,"lvl":3,"x":17,"y":23},{"data":1000010,"lvl":3,"x":17,"y":24},{"data":1000010,"lvl":3,"x":17,"y":25},{"data":1000010,"lvl":3,"x":17,"y":26},{"data":1000010,"lvl":3,"x":17,"y":27},{"data":1000010,"lvl":3,"x":18,"y":27},{"data":1000010,"lvl":3,"x":19,"y":27},{"data":1000010,"lvl":3,"x":20,"y":27},{"data":1000010,"lvl":3,"x":21,"y":27},{"data":1000010,"lvl":3,"x":24,"y":27},{"data":1000010,"lvl":3,"x":25,"y":27},{"data":1000010,"lvl":3,"x":26,"y":27},{"data":1000010,"lvl":3,"x":27,"y":27},{"data":1000010,"lvl":3,"x":27,"y":26},{"data":1000010,"lvl":3,"x":27,"y":25},{"data":1000010,"lvl":3,"x":27,"y":24},{"data":1000010,"lvl":3,"x":27,"y":23},{"data":1000010,"lvl":3,"x":27,"y":22},{"data":1000008,"lvl":7,"x":18,"y":17},{"data":1000008,"lvl":7,"x":24,"y":17},{"data":1000008,"lvl":7,"x":24,"y":24},{"data":1000008,"lvl":7,"x":18,"y":24},{"data":1000012,"lvl":2,"x":21,"y":17},{"data":1000018,"lvl":0,"x":18,"y":22,"units":[],"storage_type":0},{"data":1000018,"lvl":0,"x":18,"y":20,"units":[],"storage_type":0},{"data":1000013,"lvl":2,"x":28,"y":27},{"data":1000013,"lvl":2,"x":13,"y":14},{"data":1000012,"lvl":2,"x":21,"y":24},{"data":1000009,"lvl":6,"x":28,"y":14},{"data":1000009,"lvl":6,"x":24,"y":21},{"data":1000005,"lvl":6,"x":13,"y":27},{"data":1000005,"lvl":6,"x":13,"y":24},{"data":1000003,"lvl":6,"x":13,"y":20},{"data":1000003,"lvl":6,"x":13,"y":17},{"data":1000010,"lvl":3,"x":13,"y":13},{"data":1000010,"lvl":3,"x":16,"y":31},{"data":1000010,"lvl":3,"x":13,"y":23},{"data":1000010,"lvl":3,"x":14,"y":23},{"data":1000010,"lvl":3,"x":15,"y":23},{"data":1000010,"lvl":3,"x":30,"y":30},{"data":1000010,"lvl":3,"x":32,"y":32},{"data":1000010,"lvl":3,"x":23,"y":11},{"data":1000010,"lvl":3,"x":30,"y":13}],"obstacles":[{"data":8000000,"x":4,"y":24},{"data":8000003,"x":6,"y":15},{"data":8000002,"x":16,"y":6},{"data":8000003,"x":26,"y":6},{"data":8000012,"x":28,"y":36},{"data":8000006,"x":16,"y":36},{"data":8000000,"x":6,"y":38},{"data":8000000,"x":20,"y":38},{"data":8000000,"x":38,"y":26},{"data":8000001,"x":6,"y":35},{"data":8000000,"x":34,"y":38},{"data":8000000,"x":38,"y":38},{"data":8000000,"x":8,"y":38},{"data":8000000,"x":4,"y":38},{"data":8000000,"x":36,"y":38},{"data":8000000,"x":30,"y":38},{"data":8000000,"x":38,"y":36},{"data":8000000,"x":4,"y":26},{"data":8000000,"x":12,"y":38},{"data":8000000,"x":28,"y":38},{"data":8000000,"x":26,"y":38},{"data":8000000,"x":4,"y":34},{"data":8000000,"x":16,"y":38},{"data":8000000,"x":14,"y":38},{"data":8000000,"x":18,"y":38},{"data":8000000,"x":4,"y":22},{"data":8000000,"x":38,"y":30},{"data":8000000,"x":4,"y":28},{"data":8000000,"x":24,"y":38},{"data":8000000,"x":32,"y":38},{"data":8000000,"x":10,"y":38},{"data":8000000,"x":38,"y":28},{"data":8000000,"x":38,"y":32},{"data":8000000,"x":4,"y":30},{"data":8000000,"x":4,"y":18},{"data":8000000,"x":38,"y":34},{"data":8000000,"x":4,"y":36},{"data":8000000,"x":4,"y":32},{"data":8000000,"x":22,"y":38},{"data":8000000,"x":4,"y":20},{"data":8000000,"x":4,"y":14},{"data":8000000,"x":4,"y":12},{"data":8000000,"x":4,"y":10},{"data":8000000,"x":4,"y":8},{"data":8000000,"x":4,"y":6},{"data":8000000,"x":4,"y":4},{"data":8000000,"x":6,"y":4},{"data":8000000,"x":8,"y":4},{"data":8000000,"x":10,"y":4},{"data":8000000,"x":12,"y":4},{"data":8000000,"x":14,"y":4},{"data":8000000,"x":16,"y":4},{"data":8000000,"x":18,"y":4},{"data":8000000,"x":20,"y":4},{"data":8000000,"x":22,"y":4},{"data":8000000,"x":24,"y":4},{"data":8000000,"x":26,"y":4},{"data":8000000,"x":28,"y":4},{"data":8000000,"x":30,"y":4},{"data":8000000,"x":32,"y":4},{"data":8000000,"x":34,"y":4},{"data":8000000,"x":36,"y":4},{"data":8000000,"x":38,"y":4},{"data":8000000,"x":38,"y":6},{"data":8000000,"x":38,"y":8},{"data":8000000,"x":38,"y":10},{"data":8000000,"x":38,"y":12},{"data":8000000,"x":38,"y":14},{"data":8000000,"x":38,"y":16},{"data":8000000,"x":38,"y":18},{"data":8000000,"x":38,"y":20},{"data":8000000,"x":38,"y":22},{"data":8000000,"x":38,"y":24},{"data":8000000,"x":25,"y":36},{"data":8000000,"x":24,"y":6},{"data":8000000,"x":4,"y":16},{"data":8000000,"x":18,"y":36},{"data":8000000,"x":18,"y":6},{"data":8000000,"x":6,"y":23},{"data":8000000,"x":6,"y":19},{"data":8000014,"x":6,"y":6},{"data":8000002,"x":36,"y":16},{"data":8000019,"x":6,"y":27},{"data":8000019,"x":33,"y":34},{"data":8000019,"x":34,"y":22},{"data":8000019,"x":34,"y":19},{"data":8000020,"x":8,"y":7}],"traps":[{"data":12000000,"x":21,"y":11},{"data":12000000,"x":22,"y":11},{"data":12000000,"x":31,"y":12},{"data":12000000,"x":24,"y":12},{"data":12000000,"x":25,"y":12},{"data":12000000,"x":26,"y":12},{"data":12000000,"x":27,"y":12},{"data":12000000,"x":28,"y":12},{"data":12000000,"x":29,"y":12},{"data":12000000,"x":30,"y":12},{"data":12000000,"x":32,"y":12},{"data":12000000,"x":32,"y":13},{"data":12000000,"x":32,"y":14},{"data":12000000,"x":32,"y":15},{"data":12000000,"x":32,"y":16},{"data":12000000,"x":32,"y":17},{"data":12000000,"x":32,"y":18},{"data":12000000,"x":32,"y":19},{"data":12000000,"x":22,"y":27},{"data":12000000,"x":23,"y":27},{"data":12000000,"x":22,"y":28},{"data":12000000,"x":20,"y":28},{"data":12000000,"x":18,"y":28},{"data":12000000,"x":16,"y":28},{"data":12000000,"x":16,"y":26},{"data":12000000,"x":16,"y":24},{"data":12000000,"x":16,"y":22},{"data":12000000,"x":23,"y":28},{"data":12000001,"x":22,"y":16},{"data":12000001,"x":21,"y":16},{"data":12000001,"x":31,"y":22},{"data":12000000,"x":23,"y":12},{"data":12000000,"x":32,"y":20}],"decos":[{"data":18000002,"x":34,"y":7},{"data":18000002,"x":35,"y":12},{"data":18000002,"x":8,"y":21},{"data":18000002,"x":9,"y":13}],"respawnVars":{"secondsFromLastRespawn":0,"respawnSeed":1529463799,"obstacleClearCounter":0},"cooldowns":[],"newShopBuildings":[2,0,4,2,4,2,3,1,2,2,75,0,1,1,1,5,0,0,0,0,0,0,0,0,0,0,0,0],"newShopTraps":[2,2,0,0,0,0,0],"newShopDecos":[1,4,0,0,1,0,0,0,0,0,0,0,0,0,0,0,0,0,0,0,0,0,0,0,0,0,0,0,0,0,0,0,0,0,0,0,0],"last_league_rank":0,"last_league_shuffle":0,"last_news_seen":-1}