{"buildings":[{"data":1000001,"lvl":1,"x":6,"y":20},{"data":1000018,"lvl":0,"x":10,"y":25,"units":[],"storage_type":0},{"data":1000018,"lvl":0,"x":10,"y":17,"units":[],"storage_type":0},{"data":1000018,"lvl":0,"x":12,"y":17,"units":[],"storage_type":0},{"data":1000018,"lvl":0,"x":14,"y":17,"units":[],"storage_type":0},{"data":1000018,"lvl":0,"x":12,"y":25,"units":[],"storage_type":0},{"data":1000018,"lvl":0,"x":14,"y":25,"units":[],"storage_type":0},{"data":1000008,"lvl":7,"x":6,"y":27},{"data":1000008,"lvl":7,"x":6,"y":14},{"data":1000013,"lvl":3,"x":6,"y":17},{"data":1000009,"lvl":7,"x":16,"y":22},{"data":1000009,"lvl":7,"x":16,"y":19},{"data":1000010,"lvl":4,"x":6,"y":30},{"data":1000010,"lvl":4,"x":7,"y":30},{"data":1000010,"lvl":4,"x":8,"y":30},{"data":1000010,"lvl":4,"x":9,"y":30},{"data":1000010,"lvl":4,"x":10,"y":30},{"data":1000010,"lvl":4,"x":11,"y":30},{"data":1000010,"lvl":4,"x":12,"y":30},{"data":1000010,"lvl":4,"x":13,"y":30},{"data":1000010,"lvl":4,"x":14,"y":30},{"data":1000010,"lvl":4,"x":15,"y":30},{"data":1000010,"lvl":4,"x":16,"y":30},{"data":1000010,"lvl":4,"x":16,"y":29},{"data":1000010,"lvl":4,"x":16,"y":28},{"data":1000010,"lvl":4,"x":16,"y":27},{"data":1000010,"lvl":4,"x":16,"y":26},{"data":1000010,"lvl":4,"x":16,"y":25},{"data":1000010,"lvl":4,"x":17,"y":25},{"data":1000010,"lvl":4,"x":18,"y":25},{"data":1000010,"lvl":4,"x":19,"y":25},{"data":1000010,"lvl":4,"x":20,"y":25},{"data":1000010,"lvl":4,"x":21,"y":25},{"data":1000010,"lvl":4,"x":22,"y":25},{"data":1000010,"lvl":4,"x":23,"y":25},{"data":1000010,"lvl":4,"x":24,"y":25},{"data":1000010,"lvl":4,"x":25,"y":25},{"data":1000010,"lvl":4,"x":16,"y":18},{"data":1000010,"lvl":4,"x":17,"y":18},{"data":1000010,"lvl":4,"x":18,"y":18},{"data":1000010,"lvl":4,"x":19,"y":18},{"data":1000010,"lvl":4,"x":20,"y":18},{"data":1000010,"lvl":4,"x":21,"y":18},{"data":1000010,"lvl":4,"x":22,"y":18},{"data":1000010,"lvl":4,"x":23,"y":18},{"data":1000010,"lvl":4,"x":24,"y":18},{"data":1000010,"lvl":4,"x":16,"y":17},{"data":1000010,"lvl":4,"x":16,"y":16},{"data":1000010,"lvl":4,"x":16,"y":15},{"data":1000010,"lvl":4,"x":16,"y":14},{"data":1000010,"lvl":4,"x":16,"y":13},{"data":1000010,"lvl":4,"x":15,"y":13},{"data":1000010,"lvl":4,"x":14,"y":13},{"data":1000010,"lvl":4,"x":13,"y":13},{"data":1000010,"lvl":4,"x":12,"y":13},{"data":1000010,"lvl":4,"x":11,"y":13},{"data":1000010,"lvl":4,"x":10,"y":13},{"data":1000010,"lvl":4,"x":9,"y":13},{"data":1000010,"lvl":4,"x":8,"y":13},{"data":1000010,"lvl":4,"x":7,"y":13},{"data":1000010,"lvl":4,"x":6,"y":13},{"data":1000010,"lvl":4,"x":25,"y":18},{"data":1000010,"lvl":4,"x":21,"y":19},{"data":1000010,"lvl":4,"x":21,"y":20},{"data":1000010,"lvl":4,"x":24,"y":24},{"data":1000010,"lvl":4,"x":24,"y":23},{"data":1000010,"lvl":4,"x":19,"y":24},{"data":1000010,"lvl":4,"x":19,"y":23},{"data":1000005,"lvl":5,"x":13,"y":14},{"data":1000005,"lvl":5,"x":10,"y":14},{"data":1000009,"lvl":6,"x":13,"y":22},{"data":1000009,"lvl":6,"x":13,"y":19},{"data":1000012,"lvl":4,"x":6,"y":24},{"data":1000012,"lvl":4,"x":10,"y":21},{"data":1000010,"lvl":4,"x":5,"y":29},{"data":1000010,"lvl":4,"x":5,"y":28},{"data":1000010,"lvl":4,"x":5,"y":27},{"data":1000010,"lvl":4,"x":5,"y":26},{"data":1000010,"lvl":4,"x":5,"y":25},{"data":1000010,"lvl":4,"x":5,"y":23},{"data":1000010,"lvl":4,"x":5,"y":22},{"data":1000010,"lvl":4,"x":5,"y":21},{"data":1000010,"lvl":4,"x":5,"y":20},{"data":1000010,"lvl":4,"x":5,"y":19},{"data":1000010,"lvl":4,"x":5,"y":18},{"data":1000010,"lvl":4,"x":5,"y":17},{"data":1000010,"lvl":4,"x":5,"y":16},{"data":1000010,"lvl":4,"x":5,"y":15},{"data":1000010,"lvl":4,"x":5,"y":14},{"data":1000010,"lvl":4,"x":5,"y":13},{"data":1000010,"lvl":4,"x":5,"y":24},{"data":1000003,"lvl":5,"x":10,"y":27},{"data":1000003,"lvl":5,"x":13,"y":27},{"data":1000010,"lvl":4,"x":5,"y":30}],"obstacles":[{"data":8000002,"x":8,"y":34},{"data":8000003,"x":31,"y":14},{"data":8000012,"x":19,"y":10},{"data":8000010,"x":9,"y":9},{"data":8000011,"x":21,"y":32},{"data":8000000,"x":6,"y":38},{"data":8000000,"x":22,"y":38},{"data":8000000,"x":38,"y":26},{"data":8000014,"x":25,"y":30},{"data":8000000,"x":34,"y":38},{"data":8000000,"x":38,"y":38},{"data":8000000,"x":8,"y":38},{"data":8000000,"x":4,"y":38},{"data":8000000,"x":36,"y":38},{"data":8000000,"x":30,"y":38},{"data":8000000,"x":38,"y":36},{"data":8000000,"x":12,"y":38},{"data":8000000,"x":28,"y":38},{"data":8000000,"x":26,"y":38},{"data":8000000,"x":4,"y":34},{"data":8000000,"x":16,"y":38},{"data":8000000,"x":14,"y":38},{"data":8000000,"x":18,"y":38},{"data":8000000,"x":38,"y":30},{"data":8000000,"x":24,"y":38},{"data":8000000,"x":32,"y":38},{"data":8000000,"x":10,"y":38},{"data":8000000,"x":38,"y":28},{"data":8000000,"x":38,"y":32},{"data":8000000,"x":38,"y":34},{"data":8000000,"x":4,"y":36},{"data":8000000,"x":4,"y":32},{"data":8000000,"x":20,"y":38},{"data":8000000,"x":4,"y":10},{"data":8000000,"x":4,"y":8},{"data":8000000,"x":4,"y":6},{"data":8000000,"x":4,"y":4},{"data":8000000,"x":6,"y":4},{"data":8000000,"x":8,"y":4},{"data":8000000,"x":10,"y":4},{"data":8000000,"x":12,"y":4},{"data":8000000,"x":14,"y":4},{"data":8000000,"x":16,"y":4},{"data":8000000,"x":18,"y":4},{"data":8000000,"x":20,"y":4},{"data":8000000,"x":22,"y":4},{"data":8000000,"x":24,"y":4},{"data":8000000,"x":26,"y":4},{"data":8000000,"x":28,"y":4},{"data":8000000,"x":30,"y":4},{"data":8000000,"x":32,"y":4},{"data":8000000,"x":34,"y":4},{"data":8000000,"x":36,"y":4},{"data":8000000,"x":38,"y":4},{"data":8000000,"x":38,"y":6},{"data":8000000,"x":38,"y":8},{"data":8000000,"x":38,"y":10},{"data":8000000,"x":38,"y":12},{"data":8000000,"x":38,"y":14},{"data":8000000,"x":38,"y":16},{"data":8000000,"x":38,"y":18},{"data":8000000,"x":38,"y":20},{"data":8000000,"x":38,"y":22},{"data":8000000,"x":38,"y":24},{"data":8000008,"x":34,"y":23},{"data":8000000,"x":29,"y":21},{"data":8000000,"x":23,"y":26},{"data":8000000,"x":21,"y":26},{"data":8000000,"x":19,"y":26},{"data":8000000,"x":17,"y":26},{"data":8000000,"x":17,"y":16},{"data":8000000,"x":19,"y":16},{"data":8000000,"x":21,"y":16},{"data":8000000,"x":23,"y":16},{"data":8000019,"x":26,"y":8},{"data":8000019,"x":31,"y":19},{"data":8000019,"x":29,"y":32},{"data":8000019,"x":32,"y":32},{"data":8000020,"x":11,"y":8},{"data":8000020,"x":19,"y":29}],"traps":[{"data":12000000,"x":19,"y":22},{"data":12000000,"x":24,"y":19},{"data":12000000,"x":19,"y":21},{"data":12000000,"x":19,"y":20},{"data":12000000,"x":19,"y":19},{"data":12000000,"x":21,"y":21},{"data":12000000,"x":21,"y":22},{"data":12000000,"x":21,"y":23},{"data":12000000,"x":21,"y":24},{"data":12000000,"x":24,"y":22},{"data":12000000,"x":24,"y":21},{"data":12000000,"x":24,"y":20},{"data":12000001,"x":12,"y":23},{"data":12000001,"x":12,"y":19},{"data":12000001,"x":9,"y":29},{"data":12000001,"x":9,"y":14}],"decos":[{"data":18000001,"x":10,"y":23},{"data":18000001,"x":10,"y":19},{"data":18000002,"x":30,"y":25},{"data":18000002,"x":17,"y":33},{"data":18000002,"x":12,"y":33},{"data":18000002,"x":15,"y":10}]}