{"buildings":[{"data":1000001,"lvl":1,"x":15,"y":18},{"data":1000010,"lvl":0,"x":14,"y":27},{"data":1000010,"lvl":0,"x":26,"y":27},{"data":1000010,"lvl":2,"x":25,"y":15},{"data":1000010,"lvl":2,"x":26,"y":25},{"data":1000010,"lvl":2,"x":21,"y":25},{"data":1000010,"lvl":0,"x":31,"y":27},{"data":1000010,"lvl":0,"x":21,"y":27},{"data":1000010,"lvl":2,"x":19,"y":25},{"data":1000010,"lvl":2,"x":20,"y":25},{"data":1000010,"lvl":0,"x":29,"y":27},{"data":1000010,"lvl":0,"x":28,"y":27},{"data":1000010,"lvl":0,"x":14,"y":22},{"data":1000010,"lvl":0,"x":14,"y":13},{"data":1000010,"lvl":0,"x":31,"y":26},{"data":1000010,"lvl":2,"x":24,"y":25},{"data":1000010,"lvl":0,"x":14,"y":15},{"data":1000010,"lvl":0,"x":14,"y":21},{"data":1000010,"lvl":0,"x":14,"y":18},{"data":1000010,"lvl":0,"x":14,"y":20},{"data":1000010,"lvl":0,"x":14,"y":17},{"data":1000010,"lvl":0,"x":14,"y":16},{"data":1000010,"lvl":0,"x":20,"y":27},{"data":1000010,"lvl":2,"x":26,"y":15},{"data":1000010,"lvl":0,"x":27,"y":27},{"data":1000010,"lvl":0,"x":17,"y":27},{"data":1000010,"lvl":0,"x":14,"y":24},{"data":1000010,"lvl":0,"x":14,"y":25},{"data":1000010,"lvl":0,"x":21,"y":13},{"data":1000010,"lvl":0,"x":20,"y":13},{"data":1000010,"lvl":0,"x":24,"y":13},{"data":1000010,"lvl":0,"x":16,"y":27},{"data":1000010,"lvl":0,"x":14,"y":14},{"data":1000010,"lvl":0,"x":16,"y":13},{"data":1000010,"lvl":0,"x":30,"y":27},{"data":1000010,"lvl":0,"x":14,"y":26},{"data":1000010,"lvl":0,"x":18,"y":13},{"data":1000010,"lvl":0,"x":14,"y":19},{"data":1000010,"lvl":0,"x":14,"y":23},{"data":1000010,"lvl":0,"x":19,"y":13},{"data":1000010,"lvl":0,"x":18,"y":27},{"data":1000010,"lvl":0,"x":19,"y":27},{"data":1000010,"lvl":0,"x":25,"y":27},{"data":1000010,"lvl":1,"x":24,"y":15},{"data":1000010,"lvl":0,"x":24,"y":27},{"data":1000010,"lvl":2,"x":25,"y":25},{"data":1000010,"lvl":0,"x":17,"y":13},{"data":1000010,"lvl":2,"x":19,"y":15},{"data":1000010,"lvl":2,"x":19,"y":24},{"data":1000010,"lvl":1,"x":19,"y":23},{"data":1000010,"lvl":1,"x":19,"y":22},{"data":1000010,"lvl":2,"x":19,"y":21},{"data":1000010,"lvl":2,"x":19,"y":20},{"data":1000010,"lvl":2,"x":19,"y":19},{"data":1000010,"lvl":2,"x":19,"y":18},{"data":1000010,"lvl":2,"x":19,"y":17},{"data":1000010,"lvl":2,"x":19,"y":16},{"data":1000010,"lvl":2,"x":20,"y":15},{"data":1000010,"lvl":1,"x":21,"y":15},{"data":1000010,"lvl":0,"x":15,"y":13},{"data":1000010,"lvl":0,"x":31,"y":25},{"data":1000010,"lvl":0,"x":31,"y":24},{"data":1000010,"lvl":0,"x":31,"y":23},{"data":1000010,"lvl":0,"x":31,"y":21},{"data":1000010,"lvl":0,"x":31,"y":20},{"data":1000010,"lvl":0,"x":31,"y":19},{"data":1000010,"lvl":0,"x":31,"y":17},{"data":1000010,"lvl":0,"x":31,"y":16},{"data":1000010,"lvl":0,"x":31,"y":15},{"data":1000010,"lvl":0,"x":31,"y":14},{"data":1000010,"lvl":0,"x":25,"y":13},{"data":1000010,"lvl":0,"x":26,"y":13},{"data":1000010,"lvl":0,"x":27,"y":13},{"data":1000010,"lvl":0,"x":28,"y":13},{"data":1000010,"lvl":0,"x":29,"y":13},{"data":1000010,"lvl":0,"x":30,"y":13},{"data":1000010,"lvl":0,"x":31,"y":13},{"data":1000010,"lvl":2,"x":26,"y":24},{"data":1000010,"lvl":2,"x":26,"y":23},{"data":1000010,"lvl":2,"x":26,"y":22},{"data":1000010,"lvl":2,"x":26,"y":21},{"data":1000010,"lvl":2,"x":26,"y":20},{"data":1000010,"lvl":2,"x":26,"y":19},{"data":1000010,"lvl":2,"x":26,"y":18},{"data":1000010,"lvl":2,"x":26,"y":17},{"data":1000010,"lvl":2,"x":26,"y":16},{"data":1000010,"lvl":0,"x":15,"y":27},{"data":1000005,"lvl":0,"x":21,"y":21},{"data":1000005,"lvl":0,"x":21,"y":17},{"data":1000008,"lvl":0,"x":16,"y":24},{"data":1000008,"lvl":0,"x":16,"y":14},{"data":1000008,"lvl":1,"x":27,"y":14},{"data":1000008,"lvl":1,"x":27,"y":24},{"data":1000018,"lvl":0,"x":28,"y":21,"units":[],"storage_type":0},{"data":1000018,"lvl":0,"x":28,"y":18,"units":[],"storage_type":0}],"obstacles":[{"data":8000000,"x":4,"y":24},{"data":8000003,"x":16,"y":7},{"data":8000002,"x":18,"y":33},{"data":8000003,"x":35,"y":27},{"data":8000012,"x":19,"y":7},{"data":8000006,"x":4,"y":16},{"data":8000011,"x":20,"y":33},{"data":8000000,"x":6,"y":38},{"data":8000000,"x":20,"y":38},{"data":8000000,"x":38,"y":26},{"data":8000000,"x":34,"y":38},{"data":8000000,"x":38,"y":38},{"data":8000000,"x":8,"y":38},{"data":8000000,"x":4,"y":38},{"data":8000000,"x":36,"y":38},{"data":8000000,"x":30,"y":38},{"data":8000000,"x":38,"y":36},{"data":8000000,"x":4,"y":26},{"data":8000000,"x":12,"y":38},{"data":8000000,"x":28,"y":38},{"data":8000000,"x":26,"y":38},{"data":8000000,"x":4,"y":34},{"data":8000000,"x":16,"y":38},{"data":8000000,"x":14,"y":38},{"data":8000000,"x":18,"y":38},{"data":8000000,"x":4,"y":22},{"data":8000000,"x":38,"y":30},{"data":8000000,"x":4,"y":28},{"data":8000000,"x":24,"y":38},{"data":8000000,"x":32,"y":38},{"data":8000000,"x":10,"y":38},{"data":8000000,"x":38,"y":28},{"data":8000000,"x":38,"y":32},{"data":8000000,"x":4,"y":30},{"data":8000000,"x":4,"y":18},{"data":8000000,"x":38,"y":34},{"data":8000000,"x":4,"y":32},{"data":8000000,"x":22,"y":38},{"data":8000000,"x":4,"y":20},{"data":8000000,"x":4,"y":14},{"data":8000000,"x":4,"y":12},{"data":8000000,"x":4,"y":10},{"data":8000000,"x":4,"y":8},{"data":8000000,"x":4,"y":6},{"data":8000000,"x":4,"y":4},{"data":8000000,"x":6,"y":4},{"data":8000000,"x":8,"y":4},{"data":8000000,"x":10,"y":4},{"data":8000000,"x":12,"y":4},{"data":8000000,"x":14,"y":4},{"data":8000000,"x":16,"y":4},{"data":8000000,"x":18,"y":4},{"data":8000000,"x":20,"y":4},{"data":8000000,"x":22,"y":4},{"data":8000000,"x":24,"y":4},{"data":8000000,"x":26,"y":4},{"data":8000000,"x":28,"y":4},{"data":8000000,"x":30,"y":4},{"data":8000000,"x":32,"y":4},{"data":8000000,"x":34,"y":4},{"data":8000000,"x":36,"y":4},{"data":8000000,"x":38,"y":4},{"data":8000000,"x":38,"y":6},{"data":8000000,"x":38,"y":8},{"data":8000000,"x":38,"y":10},{"data":8000000,"x":38,"y":12},{"data":8000000,"x":38,"y":14},{"data":8000000,"x":38,"y":16},{"data":8000000,"x":38,"y":18},{"data":8000000,"x":38,"y":20},{"data":8000000,"x":38,"y":22},{"data":8000000,"x":38,"y":24},{"data":8000000,"x":10,"y":9},{"data":8000000,"x":10,"y":24},{"data":8000000,"x":10,"y":13},{"data":8000000,"x":24,"y":21},{"data":8000000,"x":24,"y":18},{"data":8000020,"x":34,"y":15},{"data":8000020,"x":30,"y":35},{"data":8000020,"x":14,"y":33},{"data":8000020,"x":9,"y":17},{"data":8000020,"x":23,"y":7},{"data":8000021,"x":4,"y":36},{"data":8000010,"x":12,"y":20},{"data":8000007,"x":30,"y":28},{"data":8000024,"x":21,"y":14},{"data":8000024,"x":25,"y":23},{"data":8000025,"x":19,"y":22},{"data":8000025,"x":23,"y":15},{"data":8000022,"x":22,"y":16},{"data":8000022,"x":23,"y":15}],"traps":[{"data":12000000,"x":31,"y":18},{"data":12000000,"x":31,"y":22}],"decos":[{"data":18000002,"x":32,"y":13},{"data":18000002,"x":7,"y":10}],"respawnVars":{"secondsFromLastRespawn":0,"respawnSeed":1529463799,"obstacleClearCounter":0},"cooldowns":[],"newShopBuildings":[1,0,2,1,2,1,2,0,2,1,25,0,0,0,1,5,0,0,0,0,0,0,0,0,0,0,0],"newShopTraps":[0,0,0,0,0,0,0],"newShopDecos":[1,4,0,0,1,0,0,0,0,0,0,0,0,0,0,0,0,0,0,0,0,0,0,0,0,0,0,0,0,0,0,0,0,0,0,0,0]}