{"buildings":[{"data":1000001,"lvl":0,"x":17,"y":20},{"data":1000010,"lvl":2,"x":24,"y":27},{"data":1000010,"lvl":2,"x":23,"y":27},{"data":1000010,"lvl":1,"x":22,"y":27},{"data":1000010,"lvl":1,"x":25,"y":27},{"data":1000010,"lvl":2,"x":28,"y":26},{"data":1000010,"lvl":2,"x":28,"y":25},{"data":1000010,"lvl":2,"x":21,"y":27},{"data":1000010,"lvl":1,"x":18,"y":27},{"data":1000010,"lvl":2,"x":19,"y":27},{"data":1000010,"lvl":2,"x":20,"y":27},{"data":1000010,"lvl":2,"x":15,"y":27},{"data":1000010,"lvl":1,"x":28,"y":18},{"data":1000010,"lvl":2,"x":28,"y":17},{"data":1000010,"lvl":2,"x":25,"y":16},{"data":1000010,"lvl":1,"x":28,"y":24},{"data":1000010,"lvl":1,"x":28,"y":19},{"data":1000010,"lvl":1,"x":24,"y":16},{"data":1000010,"lvl":1,"x":23,"y":16},{"data":1000010,"lvl":2,"x":22,"y":16},{"data":1000010,"lvl":2,"x":21,"y":16},{"data":1000010,"lvl":1,"x":20,"y":16},{"data":1000010,"lvl":2,"x":19,"y":16},{"data":1000010,"lvl":1,"x":17,"y":16},{"data":1000010,"lvl":2,"x":18,"y":16},{"data":1000010,"lvl":1,"x":16,"y":16},{"data":1000010,"lvl":1,"x":15,"y":16},{"data":1000010,"lvl":2,"x":17,"y":27},{"data":1000010,"lvl":1,"x":16,"y":27},{"data":1000010,"lvl":1,"x":13,"y":27},{"data":1000010,"lvl":1,"x":12,"y":26},{"data":1000010,"lvl":1,"x":12,"y":25},{"data":1000010,"lvl":2,"x":12,"y":24},{"data":1000010,"lvl":1,"x":12,"y":23},{"data":1000010,"lvl":0,"x":12,"y":22},{"data":1000010,"lvl":0,"x":12,"y":21},{"data":1000010,"lvl":0,"x":12,"y":20},{"data":1000010,"lvl":2,"x":12,"y":19},{"data":1000010,"lvl":0,"x":17,"y":19},{"data":1000010,"lvl":2,"x":14,"y":16},{"data":1000010,"lvl":1,"x":12,"y":18},{"data":1000010,"lvl":1,"x":12,"y":17},{"data":1000010,"lvl":0,"x":20,"y":24},{"data":1000010,"lvl":1,"x":28,"y":23},{"data":1000010,"lvl":1,"x":29,"y":20},{"data":1000010,"lvl":0,"x":17,"y":24},{"data":1000010,"lvl":0,"x":15,"y":19},{"data":1000010,"lvl":0,"x":20,"y":19},{"data":1000010,"lvl":0,"x":23,"y":18},{"data":1000010,"lvl":1,"x":24,"y":22},{"data":1000010,"lvl":1,"x":24,"y":21},{"data":1000010,"lvl":0,"x":23,"y":23},{"data":1000010,"lvl":0,"x":23,"y":20},{"data":1000010,"lvl":0,"x":23,"y":25},{"data":1000010,"lvl":1,"x":29,"y":23},{"data":1000010,"lvl":2,"x":28,"y":20},{"data":1000010,"lvl":0,"x":15,"y":24},{"data":1000008,"lvl":0,"x":13,"y":20},{"data":1000018,"lvl":0,"x":13,"y":25,"units":[[4000000,11],[4000002,9]],"storage_type":0},{"data":1000018,"lvl":0,"x":13,"y":17,"units":[[4000000,20]],"storage_type":0},{"data":1000010,"lvl":1,"x":13,"y":16},{"data":1000010,"lvl":2,"x":14,"y":27},{"data":1000010,"lvl":1,"x":12,"y":27},{"data":1000010,"lvl":1,"x":12,"y":16},{"data":1000008,"lvl":0,"x":25,"y":24},{"data":1000008,"lvl":0,"x":25,"y":17},{"data":1000010,"lvl":1,"x":26,"y":27},{"data":1000010,"lvl":1,"x":26,"y":16},{"data":1000010,"lvl":2,"x":28,"y":27},{"data":1000010,"lvl":2,"x":28,"y":16},{"data":1000010,"lvl":2,"x":27,"y":27},{"data":1000010,"lvl":2,"x":27,"y":16},{"data":1000010,"lvl":1,"x":29,"y":16},{"data":1000010,"lvl":1,"x":28,"y":15},{"data":1000010,"lvl":1,"x":29,"y":27},{"data":1000010,"lvl":1,"x":28,"y":28},{"data":1000010,"lvl":1,"x":20,"y":28},{"data":1000010,"lvl":1,"x":12,"y":28},{"data":1000010,"lvl":1,"x":11,"y":27},{"data":1000010,"lvl":1,"x":20,"y":15},{"data":1000010,"lvl":2,"x":11,"y":16},{"data":1000010,"lvl":2,"x":12,"y":15}],"obstacles":[{"data":8000000,"x":4,"y":24},{"data":8000003,"x":9,"y":24},{"data":8000002,"x":8,"y":34},{"data":8000003,"x":19,"y":17},{"data":8000012,"x":23,"y":30},{"data":8000012,"x":17,"y":12},{"data":8000010,"x":9,"y":9},{"data":8000006,"x":4,"y":16},{"data":8000011,"x":19,"y":25},{"data":8000000,"x":7,"y":32},{"data":8000000,"x":22,"y":38},{"data":8000000,"x":38,"y":26},{"data":8000000,"x":34,"y":38},{"data":8000000,"x":10,"y":34},{"data":8000000,"x":9,"y":32},{"data":8000000,"x":36,"y":38},{"data":8000000,"x":30,"y":38},{"data":8000000,"x":38,"y":36},{"data":8000000,"x":4,"y":26},{"data":8000000,"x":10,"y":36},{"data":8000000,"x":28,"y":37},{"data":8000000,"x":26,"y":38},{"data":8000000,"x":7,"y":36},{"data":8000000,"x":15,"y":36},{"data":8000000,"x":13,"y":36},{"data":8000000,"x":17,"y":37},{"data":8000000,"x":4,"y":22},{"data":8000000,"x":38,"y":30},{"data":8000000,"x":4,"y":28},{"data":8000000,"x":24,"y":38},{"data":8000000,"x":32,"y":38},{"data":8000000,"x":12,"y":37},{"data":8000000,"x":38,"y":28},{"data":8000000,"x":38,"y":32},{"data":8000000,"x":4,"y":30},{"data":8000000,"x":4,"y":18},{"data":8000000,"x":38,"y":34},{"data":8000000,"x":6,"y":30},{"data":8000000,"x":5,"y":33},{"data":8000000,"x":20,"y":38},{"data":8000000,"x":4,"y":20},{"data":8000000,"x":4,"y":14},{"data":8000000,"x":4,"y":12},{"data":8000000,"x":5,"y":11},{"data":8000000,"x":6,"y":9},{"data":8000000,"x":9,"y":5},{"data":8000000,"x":8,"y":11},{"data":8000000,"x":8,"y":7},{"data":8000000,"x":6,"y":7},{"data":8000000,"x":11,"y":7},{"data":8000000,"x":13,"y":5},{"data":8000000,"x":14,"y":7},{"data":8000000,"x":16,"y":4},{"data":8000000,"x":18,"y":4},{"data":8000000,"x":20,"y":4},{"data":8000000,"x":22,"y":4},{"data":8000000,"x":24,"y":4},{"data":8000000,"x":26,"y":4},{"data":8000000,"x":28,"y":4},{"data":8000000,"x":30,"y":4},{"data":8000000,"x":32,"y":4},{"data":8000000,"x":34,"y":4},{"data":8000000,"x":36,"y":4},{"data":8000000,"x":38,"y":4},{"data":8000000,"x":38,"y":6},{"data":8000000,"x":38,"y":8},{"data":8000000,"x":38,"y":10},{"data":8000000,"x":38,"y":12},{"data":8000000,"x":38,"y":14},{"data":8000000,"x":38,"y":16},{"data":8000000,"x":38,"y":18},{"data":8000000,"x":38,"y":20},{"data":8000000,"x":38,"y":22},{"data":8000000,"x":38,"y":24},{"data":8000020,"x":29,"y":24},{"data":8000020,"x":29,"y":17},{"data":8000020,"x":14,"y":38},{"data":8000020,"x":18,"y":7},{"data":8000009,"x":27,"y":23},{"data":8000008,"x":16,"y":25},{"data":8000008,"x":16,"y":17},{"data":8000025,"x":27,"y":20}],"traps":[],"decos":[{"data":18000001,"x":25,"y":20},{"data":18000001,"x":25,"y":22},{"data":18000004,"x":22,"y":21},{"data":18000008,"x":9,"y":18}],"respawnVars":{"secondsFromLastRespawn":0,"respawnSeed":1529463799,"obstacleClearCounter":0},"cooldowns":[],"newShopBuildings":[1,0,1,1,1,1,1,0,2,0,0,0,0,0,1,5,0,0,0,0,0,0,0,0,0,0,0],"newShopTraps":[0,0,0,0,0,0,0],"newShopDecos":[1,4,0,0,1,0,0,0,0,0,0,0,0,0,0,0,0,0,0,0,0,0,0,0,0,0,0,0,0,0,0,0,0,0,0,0,0]}