{"buildings":[{"data":1000001,"lvl":5,"x":18,"y":20},{"data":1000010,"lvl":4,"x":21,"y":24},{"data":1000010,"lvl":4,"x":22,"y":24},{"data":1000010,"lvl":4,"x":22,"y":23},{"data":1000010,"lvl":4,"x":22,"y":22},{"data":1000010,"lvl":4,"x":22,"y":21},{"data":1000010,"lvl":4,"x":22,"y":20},{"data":1000010,"lvl":4,"x":22,"y":19},{"data":1000010,"lvl":4,"x":21,"y":19},{"data":1000010,"lvl":4,"x":20,"y":19},{"data":1000010,"lvl":4,"x":19,"y":19},{"data":1000010,"lvl":4,"x":18,"y":19},{"data":1000010,"lvl":4,"x":17,"y":19},{"data":1000010,"lvl":4,"x":17,"y":20},{"data":1000010,"lvl":4,"x":17,"y":23},{"data":1000010,"lvl":4,"x":17,"y":24},{"data":1000010,"lvl":4,"x":18,"y":24},{"data":1000010,"lvl":4,"x":19,"y":24},{"data":1000010,"lvl":4,"x":20,"y":24},{"data":1000008,"lvl":9,"x":17,"y":16},{"data":1000008,"lvl":9,"x":17,"y":25},{"data":1000010,"lvl":4,"x":16,"y":24},{"data":1000010,"lvl":4,"x":16,"y":25},{"data":1000010,"lvl":4,"x":16,"y":26},{"data":1000010,"lvl":4,"x":16,"y":27},{"data":1000010,"lvl":4,"x":16,"y":28},{"data":1000010,"lvl":4,"x":17,"y":28},{"data":1000010,"lvl":4,"x":18,"y":28},{"data":1000010,"lvl":4,"x":19,"y":28},{"data":1000010,"lvl":4,"x":20,"y":28},{"data":1000010,"lvl":4,"x":20,"y":27},{"data":1000010,"lvl":4,"x":20,"y":26},{"data":1000010,"lvl":4,"x":20,"y":25},{"data":1000010,"lvl":4,"x":20,"y":18},{"data":1000010,"lvl":4,"x":20,"y":17},{"data":1000010,"lvl":4,"x":20,"y":16},{"data":1000010,"lvl":4,"x":20,"y":15},{"data":1000010,"lvl":4,"x":19,"y":15},{"data":1000010,"lvl":4,"x":18,"y":15},{"data":1000010,"lvl":4,"x":17,"y":15},{"data":1000010,"lvl":4,"x":16,"y":15},{"data":1000010,"lvl":4,"x":16,"y":16},{"data":1000010,"lvl":4,"x":16,"y":17},{"data":1000010,"lvl":4,"x":16,"y":18},{"data":1000010,"lvl":4,"x":16,"y":19},{"data":1000013,"lvl":4,"x":14,"y":20},{"data":1000010,"lvl":4,"x":15,"y":24},{"data":1000010,"lvl":4,"x":14,"y":24},{"data":1000010,"lvl":4,"x":13,"y":24},{"data":1000010,"lvl":4,"x":13,"y":23},{"data":1000010,"lvl":4,"x":13,"y":22},{"data":1000010,"lvl":4,"x":13,"y":21},{"data":1000010,"lvl":4,"x":13,"y":20},{"data":1000010,"lvl":4,"x":13,"y":19},{"data":1000010,"lvl":4,"x":14,"y":19},{"data":1000010,"lvl":4,"x":15,"y":19},{"data":1000012,"lvl":3,"x":21,"y":13},{"data":1000012,"lvl":3,"x":21,"y":28},{"data":1000010,"lvl":4,"x":20,"y":14},{"data":1000010,"lvl":4,"x":20,"y":13},{"data":1000010,"lvl":4,"x":20,"y":12},{"data":1000010,"lvl":4,"x":21,"y":12},{"data":1000010,"lvl":4,"x":22,"y":12},{"data":1000010,"lvl":4,"x":23,"y":12},{"data":1000010,"lvl":4,"x":24,"y":12},{"data":1000010,"lvl":4,"x":24,"y":13},{"data":1000010,"lvl":4,"x":24,"y":14},{"data":1000010,"lvl":4,"x":24,"y":15},{"data":1000010,"lvl":4,"x":24,"y":16},{"data":1000010,"lvl":4,"x":23,"y":16},{"data":1000010,"lvl":4,"x":21,"y":16},{"data":1000010,"lvl":4,"x":20,"y":29},{"data":1000010,"lvl":4,"x":20,"y":30},{"data":1000010,"lvl":4,"x":20,"y":31},{"data":1000010,"lvl":4,"x":21,"y":31},{"data":1000010,"lvl":4,"x":22,"y":31},{"data":1000010,"lvl":4,"x":23,"y":31},{"data":1000010,"lvl":4,"x":24,"y":31},{"data":1000010,"lvl":4,"x":24,"y":30},{"data":1000010,"lvl":4,"x":24,"y":29},{"data":1000010,"lvl":4,"x":24,"y":28},{"data":1000010,"lvl":4,"x":24,"y":27},{"data":1000010,"lvl":4,"x":23,"y":27},{"data":1000010,"lvl":4,"x":21,"y":27},{"data":1000008,"lvl":9,"x":25,"y":16},{"data":1000008,"lvl":9,"x":25,"y":25},{"data":1000010,"lvl":4,"x":23,"y":24},{"data":1000010,"lvl":4,"x":24,"y":24},{"data":1000010,"lvl":4,"x":25,"y":24},{"data":1000010,"lvl":4,"x":26,"y":24},{"data":1000010,"lvl":4,"x":26,"y":23},{"data":1000010,"lvl":4,"x":26,"y":20},{"data":1000010,"lvl":4,"x":26,"y":19},{"data":1000010,"lvl":4,"x":25,"y":19},{"data":1000010,"lvl":4,"x":24,"y":19},{"data":1000010,"lvl":4,"x":23,"y":19},{"data":1000010,"lvl":4,"x":25,"y":28},{"data":1000010,"lvl":4,"x":26,"y":28},{"data":1000010,"lvl":4,"x":27,"y":28},{"data":1000010,"lvl":4,"x":28,"y":28},{"data":1000010,"lvl":4,"x":28,"y":27},{"data":1000010,"lvl":4,"x":28,"y":26},{"data":1000010,"lvl":4,"x":28,"y":25},{"data":1000010,"lvl":4,"x":28,"y":24},{"data":1000010,"lvl":4,"x":27,"y":24},{"data":1000010,"lvl":4,"x":27,"y":19},{"data":1000010,"lvl":4,"x":28,"y":19},{"data":1000010,"lvl":4,"x":28,"y":18},{"data":1000010,"lvl":4,"x":28,"y":17},{"data":1000010,"lvl":4,"x":28,"y":16},{"data":1000010,"lvl":4,"x":28,"y":15},{"data":1000010,"lvl":4,"x":27,"y":15},{"data":1000010,"lvl":4,"x":26,"y":15},{"data":1000010,"lvl":4,"x":25,"y":15},{"data":1000010,"lvl":4,"x":24,"y":17},{"data":1000010,"lvl":4,"x":24,"y":18},{"data":1000010,"lvl":4,"x":24,"y":25},{"data":1000010,"lvl":4,"x":24,"y":26},{"data":1000010,"lvl":4,"x":17,"y":22},{"data":1000010,"lvl":4,"x":17,"y":21},{"data":1000013,"lvl":4,"x":23,"y":21},{"data":1000005,"lvl":7,"x":25,"y":29},{"data":1000005,"lvl":7,"x":25,"y":12},{"data":1000003,"lvl":5,"x":17,"y":29},{"data":1000003,"lvl":5,"x":17,"y":12}],"obstacles":[{"data":8000000,"x":4,"y":24},{"data":8000003,"x":6,"y":23},{"data":8000002,"x":8,"y":34},{"data":8000003,"x":31,"y":14},{"data":8000012,"x":11,"y":31},{"data":8000012,"x":20,"y":8},{"data":8000010,"x":9,"y":9},{"data":8000006,"x":4,"y":16},{"data":8000011,"x":18,"y":34},{"data":8000000,"x":6,"y":38},{"data":8000000,"x":22,"y":38},{"data":8000000,"x":38,"y":26},{"data":8000014,"x":28,"y":35},{"data":8000000,"x":34,"y":38},{"data":8000000,"x":38,"y":38},{"data":8000000,"x":8,"y":38},{"data":8000000,"x":4,"y":38},{"data":8000000,"x":36,"y":38},{"data":8000000,"x":30,"y":38},{"data":8000000,"x":38,"y":36},{"data":8000000,"x":4,"y":26},{"data":8000000,"x":12,"y":38},{"data":8000000,"x":28,"y":38},{"data":8000000,"x":26,"y":38},{"data":8000000,"x":4,"y":34},{"data":8000000,"x":16,"y":38},{"data":8000000,"x":14,"y":38},{"data":8000000,"x":18,"y":38},{"data":8000000,"x":4,"y":22},{"data":8000000,"x":38,"y":30},{"data":8000000,"x":4,"y":28},{"data":8000000,"x":24,"y":38},{"data":8000000,"x":32,"y":38},{"data":8000000,"x":10,"y":38},{"data":8000000,"x":38,"y":28},{"data":8000000,"x":38,"y":32},{"data":8000000,"x":4,"y":30},{"data":8000000,"x":4,"y":18},{"data":8000000,"x":38,"y":34},{"data":8000000,"x":4,"y":36},{"data":8000000,"x":4,"y":32},{"data":8000000,"x":20,"y":38},{"data":8000000,"x":4,"y":20},{"data":8000000,"x":4,"y":14},{"data":8000000,"x":4,"y":12},{"data":8000000,"x":4,"y":10},{"data":8000000,"x":4,"y":8},{"data":8000000,"x":4,"y":6},{"data":8000000,"x":4,"y":4},{"data":8000000,"x":6,"y":4},{"data":8000000,"x":8,"y":4},{"data":8000000,"x":10,"y":4},{"data":8000000,"x":12,"y":4},{"data":8000000,"x":14,"y":4},{"data":8000000,"x":16,"y":4},{"data":8000000,"x":18,"y":4},{"data":8000000,"x":20,"y":4},{"data":8000000,"x":22,"y":4},{"data":8000000,"x":24,"y":4},{"data":8000000,"x":26,"y":4},{"data":8000000,"x":28,"y":4},{"data":8000000,"x":30,"y":4},{"data":8000000,"x":32,"y":4},{"data":8000000,"x":34,"y":4},{"data":8000000,"x":36,"y":4},{"data":8000000,"x":38,"y":4},{"data":8000000,"x":38,"y":6},{"data":8000000,"x":38,"y":8},{"data":8000000,"x":38,"y":10},{"data":8000000,"x":38,"y":12},{"data":8000000,"x":38,"y":14},{"data":8000000,"x":38,"y":16},{"data":8000000,"x":38,"y":18},{"data":8000000,"x":38,"y":20},{"data":8000000,"x":38,"y":22},{"data":8000000,"x":38,"y":24},{"data":8000008,"x":34,"y":23},{"data":8000014,"x":7,"y":15},{"data":8000014,"x":33,"y":20},{"data":8000014,"x":14,"y":31},{"data":8000019,"x":7,"y":18},{"data":8000019,"x":14,"y":7},{"data":8000019,"x":30,"y":8},{"data":8000019,"x":33,"y":33}],"traps":[{"data":12000000,"x":28,"y":23},{"data":12000000,"x":28,"y":22},{"data":12000000,"x":28,"y":20},{"data":12000001,"x":22,"y":27},{"data":12000001,"x":28,"y":21},{"data":12000000,"x":16,"y":13},{"data":12000000,"x":16,"y":14},{"data":12000000,"x":28,"y":14},{"data":12000000,"x":28,"y":13},{"data":12000000,"x":25,"y":32},{"data":12000000,"x":26,"y":32},{"data":12000000,"x":19,"y":32},{"data":12000000,"x":18,"y":32},{"data":12000000,"x":17,"y":32},{"data":12000000,"x":16,"y":32},{"data":12000000,"x":16,"y":31},{"data":12000000,"x":16,"y":30},{"data":12000000,"x":16,"y":29},{"data":12000000,"x":16,"y":12},{"data":12000000,"x":16,"y":11},{"data":12000000,"x":17,"y":11},{"data":12000000,"x":18,"y":11},{"data":12000000,"x":19,"y":11},{"data":12000000,"x":25,"y":11},{"data":12000000,"x":26,"y":11},{"data":12000000,"x":27,"y":11},{"data":12000000,"x":28,"y":11},{"data":12000000,"x":28,"y":12},{"data":12000000,"x":28,"y":29},{"data":12000000,"x":28,"y":30},{"data":12000000,"x":28,"y":31},{"data":12000000,"x":27,"y":32}],"decos":[{"data":18000002,"x":21,"y":25},{"data":18000002,"x":21,"y":17},{"data":18000002,"x":14,"y":17},{"data":18000002,"x":14,"y":25},{"data":18000002,"x":32,"y":28},{"data":18000002,"x":11,"y":27},{"data":18000002,"x":7,"y":31},{"data":18000002,"x":8,"y":12}],"respawnVars":{"secondsFromLastRespawn":0,"respawnSeed":1529463799,"obstacleClearCounter":0}}