{"buildings":[{"data":1000001,"lvl":1,"x":21,"y":20},{"data":1000010,"lvl":0,"x":29,"y":13},{"data":1000010,"lvl":0,"x":22,"y":13},{"data":1000010,"lvl":0,"x":19,"y":13},{"data":1000010,"lvl":0,"x":21,"y":13},{"data":1000010,"lvl":0,"x":20,"y":13},{"data":1000010,"lvl":0,"x":26,"y":13},{"data":1000010,"lvl":0,"x":32,"y":18},{"data":1000010,"lvl":0,"x":32,"y":16},{"data":1000010,"lvl":0,"x":32,"y":15},{"data":1000010,"lvl":0,"x":30,"y":13},{"data":1000010,"lvl":0,"x":17,"y":21},{"data":1000010,"lvl":0,"x":17,"y":23},{"data":1000010,"lvl":0,"x":17,"y":24},{"data":1000010,"lvl":0,"x":17,"y":26},{"data":1000010,"lvl":0,"x":17,"y":25},{"data":1000010,"lvl":0,"x":17,"y":22},{"data":1000010,"lvl":0,"x":17,"y":18},{"data":1000010,"lvl":0,"x":17,"y":20},{"data":1000010,"lvl":0,"x":17,"y":19},{"data":1000010,"lvl":0,"x":17,"y":27},{"data":1000010,"lvl":0,"x":32,"y":26},{"data":1000010,"lvl":0,"x":32,"y":27},{"data":1000010,"lvl":0,"x":32,"y":30},{"data":1000010,"lvl":0,"x":30,"y":28},{"data":1000010,"lvl":0,"x":29,"y":30},{"data":1000010,"lvl":0,"x":30,"y":30},{"data":1000010,"lvl":0,"x":32,"y":29},{"data":1000010,"lvl":0,"x":32,"y":28},{"data":1000010,"lvl":0,"x":32,"y":25},{"data":1000010,"lvl":0,"x":32,"y":24},{"data":1000010,"lvl":0,"x":32,"y":23},{"data":1000010,"lvl":0,"x":32,"y":22},{"data":1000010,"lvl":0,"x":32,"y":19},{"data":1000010,"lvl":0,"x":32,"y":17},{"data":1000010,"lvl":0,"x":32,"y":14},{"data":1000010,"lvl":0,"x":32,"y":13},{"data":1000010,"lvl":0,"x":28,"y":13},{"data":1000010,"lvl":0,"x":31,"y":13},{"data":1000010,"lvl":0,"x":27,"y":13},{"data":1000010,"lvl":0,"x":25,"y":13},{"data":1000010,"lvl":0,"x":24,"y":13},{"data":1000010,"lvl":0,"x":23,"y":13},{"data":1000010,"lvl":0,"x":17,"y":15},{"data":1000010,"lvl":0,"x":17,"y":14},{"data":1000010,"lvl":0,"x":17,"y":13},{"data":1000010,"lvl":0,"x":17,"y":29},{"data":1000010,"lvl":0,"x":17,"y":28},{"data":1000010,"lvl":0,"x":17,"y":30},{"data":1000010,"lvl":0,"x":31,"y":30},{"data":1000010,"lvl":0,"x":27,"y":30},{"data":1000010,"lvl":0,"x":26,"y":30},{"data":1000010,"lvl":0,"x":25,"y":30},{"data":1000010,"lvl":0,"x":24,"y":30},{"data":1000010,"lvl":0,"x":19,"y":30},{"data":1000010,"lvl":0,"x":18,"y":30},{"data":1000010,"lvl":0,"x":28,"y":30},{"data":1000010,"lvl":0,"x":30,"y":21},{"data":1000010,"lvl":0,"x":20,"y":30},{"data":1000010,"lvl":0,"x":21,"y":30},{"data":1000010,"lvl":1,"x":27,"y":25},{"data":1000010,"lvl":0,"x":22,"y":30},{"data":1000010,"lvl":0,"x":23,"y":30},{"data":1000010,"lvl":0,"x":18,"y":13},{"data":1000010,"lvl":0,"x":30,"y":27},{"data":1000005,"lvl":0,"x":26,"y":15},{"data":1000005,"lvl":0,"x":26,"y":26},{"data":1000008,"lvl":4,"x":22,"y":25},{"data":1000010,"lvl":2,"x":28,"y":25},{"data":1000010,"lvl":1,"x":28,"y":24},{"data":1000010,"lvl":1,"x":26,"y":25},{"data":1000010,"lvl":1,"x":26,"y":18},{"data":1000010,"lvl":1,"x":27,"y":18},{"data":1000010,"lvl":2,"x":28,"y":18},{"data":1000010,"lvl":1,"x":28,"y":19},{"data":1000010,"lvl":0,"x":28,"y":14},{"data":1000010,"lvl":0,"x":30,"y":18},{"data":1000010,"lvl":0,"x":31,"y":18},{"data":1000010,"lvl":0,"x":30,"y":20},{"data":1000010,"lvl":0,"x":31,"y":22},{"data":1000010,"lvl":0,"x":25,"y":25},{"data":1000010,"lvl":0,"x":33,"y":22},{"data":1000010,"lvl":0,"x":25,"y":26},{"data":1000010,"lvl":0,"x":25,"y":27},{"data":1000010,"lvl":0,"x":25,"y":18},{"data":1000010,"lvl":0,"x":25,"y":17},{"data":1000010,"lvl":0,"x":24,"y":15},{"data":1000010,"lvl":0,"x":25,"y":15},{"data":1000010,"lvl":0,"x":25,"y":16},{"data":1000010,"lvl":0,"x":23,"y":15},{"data":1000010,"lvl":0,"x":21,"y":15},{"data":1000010,"lvl":0,"x":17,"y":17},{"data":1000010,"lvl":0,"x":21,"y":17},{"data":1000010,"lvl":0,"x":21,"y":16},{"data":1000010,"lvl":0,"x":22,"y":15},{"data":1000010,"lvl":0,"x":21,"y":25},{"data":1000010,"lvl":0,"x":24,"y":28},{"data":1000010,"lvl":0,"x":17,"y":16},{"data":1000010,"lvl":0,"x":31,"y":26},{"data":1000010,"lvl":0,"x":24,"y":19},{"data":1000010,"lvl":0,"x":25,"y":19},{"data":1000010,"lvl":0,"x":22,"y":19},{"data":1000010,"lvl":0,"x":21,"y":19},{"data":1000010,"lvl":0,"x":21,"y":18},{"data":1000010,"lvl":0,"x":23,"y":28},{"data":1000010,"lvl":0,"x":21,"y":24},{"data":1000010,"lvl":0,"x":22,"y":24},{"data":1000010,"lvl":0,"x":30,"y":26},{"data":1000010,"lvl":0,"x":24,"y":24},{"data":1000010,"lvl":0,"x":25,"y":24},{"data":1000010,"lvl":0,"x":21,"y":27},{"data":1000010,"lvl":0,"x":21,"y":26},{"data":1000010,"lvl":0,"x":21,"y":28},{"data":1000010,"lvl":0,"x":22,"y":28},{"data":1000010,"lvl":0,"x":25,"y":28},{"data":1000010,"lvl":1,"x":28,"y":22},{"data":1000010,"lvl":0,"x":30,"y":22},{"data":1000010,"lvl":1,"x":28,"y":21},{"data":1000010,"lvl":0,"x":33,"y":20},{"data":1000010,"lvl":0,"x":34,"y":22},{"data":1000010,"lvl":0,"x":29,"y":18},{"data":1000010,"lvl":0,"x":34,"y":20},{"data":1000010,"lvl":0,"x":32,"y":20},{"data":1000008,"lvl":4,"x":22,"y":16},{"data":1000018,"lvl":0,"x":26,"y":23,"units":[],"storage_type":0},{"data":1000018,"lvl":0,"x":26,"y":19,"units":[],"storage_type":0},{"data":1000018,"lvl":0,"x":30,"y":24,"units":[],"storage_type":0},{"data":1000018,"lvl":0,"x":30,"y":14,"units":[],"storage_type":0},{"data":1000018,"lvl":0,"x":19,"y":16,"units":[],"storage_type":0},{"data":1000018,"lvl":0,"x":19,"y":20,"units":[],"storage_type":0},{"data":1000018,"lvl":0,"x":19,"y":22,"units":[],"storage_type":0},{"data":1000018,"lvl":0,"x":19,"y":26,"units":[],"storage_type":0}],"obstacles":[{"data":8000000,"x":4,"y":24},{"data":8000003,"x":7,"y":10},{"data":8000002,"x":11,"y":14},{"data":8000003,"x":36,"y":6},{"data":8000012,"x":9,"y":31},{"data":8000000,"x":6,"y":38},{"data":8000000,"x":20,"y":38},{"data":8000000,"x":38,"y":26},{"data":8000000,"x":34,"y":38},{"data":8000000,"x":38,"y":38},{"data":8000000,"x":8,"y":38},{"data":8000000,"x":4,"y":38},{"data":8000000,"x":36,"y":38},{"data":8000000,"x":30,"y":38},{"data":8000000,"x":38,"y":36},{"data":8000000,"x":4,"y":26},{"data":8000000,"x":12,"y":38},{"data":8000000,"x":28,"y":38},{"data":8000000,"x":26,"y":38},{"data":8000000,"x":4,"y":34},{"data":8000000,"x":16,"y":38},{"data":8000000,"x":14,"y":38},{"data":8000000,"x":18,"y":38},{"data":8000000,"x":4,"y":22},{"data":8000000,"x":38,"y":30},{"data":8000000,"x":4,"y":28},{"data":8000000,"x":24,"y":38},{"data":8000000,"x":32,"y":38},{"data":8000000,"x":10,"y":38},{"data":8000000,"x":38,"y":28},{"data":8000000,"x":38,"y":32},{"data":8000000,"x":4,"y":30},{"data":8000000,"x":4,"y":18},{"data":8000000,"x":38,"y":34},{"data":8000000,"x":4,"y":36},{"data":8000000,"x":4,"y":32},{"data":8000000,"x":22,"y":38},{"data":8000000,"x":4,"y":20},{"data":8000000,"x":4,"y":14},{"data":8000000,"x":4,"y":12},{"data":8000000,"x":4,"y":10},{"data":8000000,"x":4,"y":8},{"data":8000000,"x":4,"y":6},{"data":8000000,"x":4,"y":4},{"data":8000000,"x":6,"y":4},{"data":8000000,"x":8,"y":4},{"data":8000000,"x":10,"y":4},{"data":8000000,"x":12,"y":4},{"data":8000000,"x":14,"y":4},{"data":8000000,"x":16,"y":4},{"data":8000000,"x":18,"y":4},{"data":8000000,"x":20,"y":4},{"data":8000000,"x":22,"y":4},{"data":8000000,"x":24,"y":4},{"data":8000000,"x":26,"y":4},{"data":8000000,"x":28,"y":4},{"data":8000000,"x":30,"y":4},{"data":8000000,"x":32,"y":4},{"data":8000000,"x":34,"y":4},{"data":8000000,"x":36,"y":4},{"data":8000000,"x":38,"y":4},{"data":8000000,"x":38,"y":6},{"data":8000000,"x":38,"y":8},{"data":8000000,"x":38,"y":10},{"data":8000000,"x":38,"y":12},{"data":8000000,"x":38,"y":14},{"data":8000000,"x":38,"y":16},{"data":8000000,"x":38,"y":18},{"data":8000000,"x":38,"y":20},{"data":8000000,"x":38,"y":22},{"data":8000000,"x":38,"y":24},{"data":8000000,"x":7,"y":32},{"data":8000000,"x":14,"y":12},{"data":8000000,"x":4,"y":16},{"data":8000000,"x":7,"y":35},{"data":8000000,"x":7,"y":7},{"data":8000000,"x":33,"y":18},{"data":8000000,"x":24,"y":31},{"data":8000014,"x":31,"y":10},{"data":8000002,"x":21,"y":10},{"data":8000020,"x":13,"y":32},{"data":8000020,"x":29,"y":33},{"data":8000020,"x":34,"y":11},{"data":8000020,"x":23,"y":7},{"data":8000020,"x":10,"y":10},{"data":8000020,"x":15,"y":8},{"data":8000008,"x":12,"y":23},{"data":8000008,"x":10,"y":21},{"data":8000008,"x":8,"y":23},{"data":8000008,"x":10,"y":25},{"data":8000025,"x":27,"y":21}],"traps":[{"data":12000000,"x":31,"y":19},{"data":12000000,"x":31,"y":21}],"decos":[{"data":18000005,"x":12,"y":25},{"data":18000005,"x":12,"y":21},{"data":18000005,"x":8,"y":21},{"data":18000005,"x":8,"y":25},{"data":18000033,"x":10,"y":23}],"respawnVars":{"secondsFromLastRespawn":0,"respawnSeed":1529463799,"obstacleClearCounter":0},"cooldowns":[],"newShopBuildings":[1,0,2,1,2,1,2,0,2,1,25,0,0,0,1,5,0,0,0,0,0,0,0,0,0,0,0],"newShopTraps":[0,0,0,0,0,0,0],"newShopDecos":[1,4,0,0,1,0,0,0,0,0,0,0,0,0,0,0,0,0,0,0,0,0,0,0,0,0,0,0,0,0,0,0,0,0,0,0,0]}