{"buildings":[{"data":1000001,"lvl":5,"x":11,"y":19},{"data":1000008,"lvl":9,"x":15,"y":20},{"data":1000008,"lvl":9,"x":18,"y":20},{"data":1000008,"lvl":9,"x":18,"y":16},{"data":1000008,"lvl":9,"x":15,"y":16},{"data":1000008,"lvl":9,"x":15,"y":24},{"data":1000008,"lvl":9,"x":18,"y":24},{"data":1000011,"lvl":3,"x":12,"y":23},{"data":1000011,"lvl":3,"x":12,"y":16},{"data":1000005,"lvl":9,"x":9,"y":23},{"data":1000005,"lvl":9,"x":9,"y":16},{"data":1000010,"lvl":5,"x":6,"y":26},{"data":1000010,"lvl":5,"x":6,"y":27},{"data":1000010,"lvl":5,"x":6,"y":28},{"data":1000010,"lvl":5,"x":6,"y":29},{"data":1000010,"lvl":5,"x":6,"y":30},{"data":1000010,"lvl":5,"x":8,"y":30},{"data":1000010,"lvl":5,"x":8,"y":29},{"data":1000010,"lvl":5,"x":8,"y":28},{"data":1000010,"lvl":5,"x":8,"y":27},{"data":1000010,"lvl":5,"x":9,"y":27},{"data":1000010,"lvl":5,"x":10,"y":27},{"data":1000010,"lvl":5,"x":11,"y":27},{"data":1000010,"lvl":5,"x":12,"y":27},{"data":1000010,"lvl":5,"x":15,"y":27},{"data":1000010,"lvl":5,"x":16,"y":27},{"data":1000010,"lvl":5,"x":17,"y":27},{"data":1000010,"lvl":5,"x":18,"y":27},{"data":1000010,"lvl":5,"x":19,"y":27},{"data":1000010,"lvl":5,"x":20,"y":27},{"data":1000010,"lvl":5,"x":21,"y":27},{"data":1000010,"lvl":5,"x":21,"y":26},{"data":1000010,"lvl":5,"x":21,"y":25},{"data":1000010,"lvl":5,"x":21,"y":24},{"data":1000010,"lvl":5,"x":21,"y":23},{"data":1000010,"lvl":5,"x":21,"y":19},{"data":1000010,"lvl":5,"x":21,"y":18},{"data":1000010,"lvl":5,"x":21,"y":17},{"data":1000010,"lvl":5,"x":21,"y":16},{"data":1000010,"lvl":5,"x":21,"y":15},{"data":1000010,"lvl":5,"x":20,"y":15},{"data":1000010,"lvl":5,"x":19,"y":15},{"data":1000010,"lvl":5,"x":18,"y":15},{"data":1000010,"lvl":5,"x":17,"y":15},{"data":1000010,"lvl":5,"x":16,"y":15},{"data":1000010,"lvl":5,"x":15,"y":15},{"data":1000010,"lvl":5,"x":12,"y":15},{"data":1000010,"lvl":5,"x":11,"y":15},{"data":1000010,"lvl":5,"x":10,"y":15},{"data":1000010,"lvl":5,"x":9,"y":15},{"data":1000010,"lvl":5,"x":8,"y":15},{"data":1000010,"lvl":5,"x":8,"y":14},{"data":1000010,"lvl":5,"x":8,"y":13},{"data":1000010,"lvl":5,"x":8,"y":12},{"data":1000010,"lvl":5,"x":6,"y":12},{"data":1000010,"lvl":5,"x":6,"y":13},{"data":1000010,"lvl":5,"x":6,"y":14},{"data":1000010,"lvl":5,"x":6,"y":15},{"data":1000010,"lvl":5,"x":6,"y":16},{"data":1000010,"lvl":5,"x":6,"y":17},{"data":1000010,"lvl":5,"x":6,"y":18},{"data":1000010,"lvl":5,"x":6,"y":19},{"data":1000010,"lvl":5,"x":6,"y":20},{"data":1000010,"lvl":5,"x":6,"y":21},{"data":1000010,"lvl":5,"x":6,"y":22},{"data":1000010,"lvl":5,"x":6,"y":23},{"data":1000010,"lvl":5,"x":6,"y":24},{"data":1000010,"lvl":5,"x":6,"y":25},{"data":1000012,"lvl":4,"x":9,"y":28},{"data":1000012,"lvl":4,"x":18,"y":28},{"data":1000012,"lvl":4,"x":9,"y":12},{"data":1000012,"lvl":4,"x":18,"y":12},{"data":1000010,"lvl":5,"x":8,"y":31},{"data":1000010,"lvl":5,"x":9,"y":31},{"data":1000010,"lvl":5,"x":10,"y":31},{"data":1000010,"lvl":5,"x":11,"y":31},{"data":1000010,"lvl":5,"x":12,"y":31},{"data":1000010,"lvl":5,"x":13,"y":31},{"data":1000010,"lvl":5,"x":14,"y":31},{"data":1000010,"lvl":5,"x":15,"y":31},{"data":1000010,"lvl":5,"x":16,"y":31},{"data":1000010,"lvl":5,"x":17,"y":31},{"data":1000010,"lvl":5,"x":18,"y":31},{"data":1000010,"lvl":5,"x":19,"y":31},{"data":1000010,"lvl":5,"x":20,"y":31},{"data":1000010,"lvl":5,"x":21,"y":31},{"data":1000010,"lvl":5,"x":21,"y":30},{"data":1000010,"lvl":5,"x":21,"y":29},{"data":1000010,"lvl":5,"x":21,"y":28},{"data":1000010,"lvl":5,"x":21,"y":14},{"data":1000010,"lvl":5,"x":21,"y":13},{"data":1000010,"lvl":5,"x":21,"y":12},{"data":1000010,"lvl":5,"x":21,"y":11},{"data":1000010,"lvl":5,"x":20,"y":11},{"data":1000010,"lvl":5,"x":19,"y":11},{"data":1000010,"lvl":5,"x":18,"y":11},{"data":1000010,"lvl":5,"x":17,"y":11},{"data":1000010,"lvl":5,"x":16,"y":11},{"data":1000010,"lvl":5,"x":15,"y":11},{"data":1000010,"lvl":5,"x":14,"y":11},{"data":1000010,"lvl":5,"x":13,"y":11},{"data":1000010,"lvl":5,"x":12,"y":11},{"data":1000010,"lvl":5,"x":11,"y":11},{"data":1000010,"lvl":5,"x":10,"y":11},{"data":1000010,"lvl":5,"x":9,"y":11},{"data":1000010,"lvl":5,"x":8,"y":11},{"data":1000010,"lvl":5,"x":6,"y":11},{"data":1000010,"lvl":5,"x":6,"y":10},{"data":1000010,"lvl":5,"x":6,"y":9},{"data":1000010,"lvl":5,"x":8,"y":9},{"data":1000010,"lvl":5,"x":7,"y":9},{"data":1000010,"lvl":5,"x":9,"y":9},{"data":1000010,"lvl":5,"x":10,"y":9},{"data":1000010,"lvl":5,"x":11,"y":9},{"data":1000010,"lvl":5,"x":12,"y":9},{"data":1000010,"lvl":5,"x":13,"y":9},{"data":1000010,"lvl":5,"x":14,"y":9},{"data":1000010,"lvl":5,"x":15,"y":9},{"data":1000010,"lvl":5,"x":17,"y":9},{"data":1000010,"lvl":5,"x":18,"y":9},{"data":1000010,"lvl":5,"x":19,"y":9},{"data":1000010,"lvl":5,"x":16,"y":9},{"data":1000010,"lvl":5,"x":20,"y":9},{"data":1000010,"lvl":5,"x":21,"y":9},{"data":1000010,"lvl":5,"x":22,"y":9},{"data":1000010,"lvl":5,"x":23,"y":9},{"data":1000010,"lvl":5,"x":23,"y":10},{"data":1000010,"lvl":5,"x":23,"y":11},{"data":1000010,"lvl":5,"x":23,"y":12},{"data":1000010,"lvl":5,"x":23,"y":13},{"data":1000010,"lvl":5,"x":23,"y":14},{"data":1000010,"lvl":5,"x":23,"y":15},{"data":1000010,"lvl":5,"x":23,"y":16},{"data":1000010,"lvl":5,"x":23,"y":17},{"data":1000010,"lvl":5,"x":23,"y":18},{"data":1000010,"lvl":5,"x":23,"y":19},{"data":1000010,"lvl":5,"x":23,"y":23},{"data":1000010,"lvl":5,"x":23,"y":24},{"data":1000010,"lvl":5,"x":23,"y":25},{"data":1000010,"lvl":5,"x":23,"y":26},{"data":1000010,"lvl":5,"x":23,"y":27},{"data":1000010,"lvl":5,"x":23,"y":28},{"data":1000010,"lvl":5,"x":23,"y":29},{"data":1000010,"lvl":5,"x":23,"y":30},{"data":1000010,"lvl":5,"x":23,"y":31},{"data":1000010,"lvl":5,"x":23,"y":32},{"data":1000010,"lvl":5,"x":23,"y":33},{"data":1000010,"lvl":5,"x":22,"y":33},{"data":1000010,"lvl":5,"x":21,"y":33},{"data":1000010,"lvl":5,"x":20,"y":33},{"data":1000010,"lvl":5,"x":19,"y":33},{"data":1000010,"lvl":5,"x":18,"y":33},{"data":1000010,"lvl":5,"x":17,"y":33},{"data":1000010,"lvl":5,"x":16,"y":33},{"data":1000010,"lvl":5,"x":15,"y":33},{"data":1000010,"lvl":5,"x":14,"y":33},{"data":1000010,"lvl":5,"x":13,"y":33},{"data":1000010,"lvl":5,"x":12,"y":33},{"data":1000010,"lvl":5,"x":11,"y":33},{"data":1000010,"lvl":5,"x":10,"y":33},{"data":1000010,"lvl":5,"x":9,"y":33},{"data":1000010,"lvl":5,"x":8,"y":33},{"data":1000010,"lvl":5,"x":7,"y":33},{"data":1000010,"lvl":5,"x":6,"y":33},{"data":1000010,"lvl":5,"x":6,"y":32},{"data":1000010,"lvl":5,"x":6,"y":31},{"data":1000002,"lvl":9,"x":12,"y":28,"res_time":57252},{"data":1000002,"lvl":9,"x":15,"y":28,"res_time":57252},{"data":1000002,"lvl":9,"x":12,"y":12,"res_time":57252},{"data":1000002,"lvl":9,"x":15,"y":12,"res_time":57252},{"data":1000009,"lvl":9,"x":24,"y":23},{"data":1000009,"lvl":9,"x":24,"y":17},{"data":1000010,"lvl":3,"x":21,"y":22},{"data":1000010,"lvl":3,"x":21,"y":21},{"data":1000010,"lvl":3,"x":21,"y":20},{"data":1000012,"lvl":4,"x":6,"y":16},{"data":1000012,"lvl":4,"x":6,"y":24},{"data":1000003,"lvl":6,"x":8,"y":19}],"obstacles":[{"data":8000000,"x":4,"y":24},{"data":8000002,"x":8,"y":34},{"data":8000003,"x":36,"y":14},{"data":8000012,"x":19,"y":6},{"data":8000010,"x":9,"y":6},{"data":8000014,"x":25,"y":12},{"data":8000006,"x":4,"y":16},{"data":8000011,"x":17,"y":35},{"data":8000000,"x":6,"y":38},{"data":8000000,"x":22,"y":38},{"data":8000000,"x":38,"y":26},{"data":8000014,"x":25,"y":33},{"data":8000000,"x":34,"y":38},{"data":8000000,"x":38,"y":38},{"data":8000000,"x":8,"y":38},{"data":8000000,"x":4,"y":38},{"data":8000000,"x":36,"y":38},{"data":8000000,"x":30,"y":38},{"data":8000000,"x":38,"y":36},{"data":8000000,"x":4,"y":26},{"data":8000000,"x":12,"y":38},{"data":8000000,"x":28,"y":38},{"data":8000000,"x":26,"y":38},{"data":8000000,"x":4,"y":34},{"data":8000000,"x":16,"y":38},{"data":8000000,"x":14,"y":38},{"data":8000000,"x":18,"y":38},{"data":8000000,"x":4,"y":22},{"data":8000000,"x":38,"y":30},{"data":8000000,"x":4,"y":28},{"data":8000000,"x":24,"y":38},{"data":8000000,"x":32,"y":38},{"data":8000000,"x":10,"y":38},{"data":8000000,"x":38,"y":28},{"data":8000000,"x":38,"y":32},{"data":8000000,"x":4,"y":30},{"data":8000000,"x":4,"y":18},{"data":8000000,"x":38,"y":34},{"data":8000000,"x":4,"y":36},{"data":8000000,"x":4,"y":32},{"data":8000000,"x":20,"y":38},{"data":8000000,"x":4,"y":20},{"data":8000000,"x":4,"y":14},{"data":8000000,"x":4,"y":12},{"data":8000000,"x":4,"y":10},{"data":8000000,"x":4,"y":8},{"data":8000000,"x":4,"y":6},{"data":8000000,"x":4,"y":4},{"data":8000000,"x":6,"y":4},{"data":8000000,"x":8,"y":4},{"data":8000000,"x":10,"y":4},{"data":8000000,"x":12,"y":4},{"data":8000000,"x":14,"y":4},{"data":8000000,"x":16,"y":4},{"data":8000000,"x":18,"y":4},{"data":8000000,"x":20,"y":4},{"data":8000000,"x":22,"y":4},{"data":8000000,"x":24,"y":4},{"data":8000000,"x":26,"y":4},{"data":8000000,"x":28,"y":4},{"data":8000000,"x":30,"y":4},{"data":8000000,"x":32,"y":4},{"data":8000000,"x":34,"y":4},{"data":8000000,"x":36,"y":4},{"data":8000000,"x":38,"y":4},{"data":8000000,"x":38,"y":6},{"data":8000000,"x":38,"y":8},{"data":8000000,"x":38,"y":10},{"data":8000000,"x":38,"y":12},{"data":8000000,"x":38,"y":14},{"data":8000000,"x":38,"y":16},{"data":8000000,"x":38,"y":18},{"data":8000000,"x":38,"y":20},{"data":8000000,"x":38,"y":22},{"data":8000000,"x":38,"y":24},{"data":8000008,"x":35,"y":26},{"data":8000008,"x":30,"y":25},{"data":8000008,"x":27,"y":13},{"data":8000013,"x":28,"y":28},{"data":8000013,"x":28,"y":9},{"data":8000020,"x":29,"y":33},{"data":8000020,"x":35,"y":35},{"data":8000020,"x":31,"y":10},{"data":8000020,"x":32,"y":16},{"data":8000020,"x":34,"y":7},{"data":8000020,"x":24,"y":6}],"traps":[{"data":12000000,"x":22,"y":18},{"data":12000000,"x":22,"y":17},{"data":12000000,"x":22,"y":16},{"data":12000000,"x":22,"y":15},{"data":12000000,"x":22,"y":14},{"data":12000000,"x":22,"y":13},{"data":12000000,"x":22,"y":12},{"data":12000000,"x":7,"y":15},{"data":12000000,"x":7,"y":14},{"data":12000000,"x":7,"y":13},{"data":12000000,"x":7,"y":12},{"data":12000000,"x":7,"y":11},{"data":12000000,"x":12,"y":32},{"data":12000000,"x":13,"y":32},{"data":12000000,"x":14,"y":32},{"data":12000000,"x":15,"y":32},{"data":12000001,"x":7,"y":22},{"data":12000001,"x":7,"y":20},{"data":12000001,"x":7,"y":28},{"data":12000001,"x":20,"y":23},{"data":12000001,"x":20,"y":19},{"data":12000001,"x":15,"y":19},{"data":12000001,"x":15,"y":23}],"decos":[{"data":18000002,"x":32,"y":29},{"data":18000002,"x":20,"y":34}],"respawnVars":{"secondsFromLastRespawn":0,"respawnSeed":1529463799,"obstacleClearCounter":0}}