{"buildings":[{"data":1000001,"lvl":1,"x":22,"y":16},{"data":1000009,"lvl":0,"x":23,"y":21},{"data":1000010,"lvl":0,"x":26,"y":23},{"data":1000010,"lvl":0,"x":26,"y":22},{"data":1000010,"lvl":0,"x":26,"y":21},{"data":1000010,"lvl":0,"x":26,"y":20},{"data":1000010,"lvl":0,"x":26,"y":19},{"data":1000010,"lvl":0,"x":26,"y":18},{"data":1000010,"lvl":0,"x":26,"y":17},{"data":1000010,"lvl":0,"x":26,"y":16},{"data":1000010,"lvl":0,"x":26,"y":15},{"data":1000010,"lvl":0,"x":25,"y":15},{"data":1000010,"lvl":0,"x":26,"y":24},{"data":1000010,"lvl":0,"x":25,"y":24},{"data":1000010,"lvl":0,"x":24,"y":24},{"data":1000010,"lvl":0,"x":24,"y":15},{"data":1000018,"lvl":0,"x":19,"y":19,"units":[],"storage_type":0}],"obstacles":[{"data":8000000,"x":21,"y":12,"loot_multiply_ver":1},{"data":8000000,"x":10,"y":15,"loot_multiply_ver":1},{"data":8000000,"x":25,"y":12,"loot_multiply_ver":1},{"data":8000000,"x":23,"y":12,"loot_multiply_ver":1},{"data":8000020,"x":18,"y":11,"loot_multiply_ver":1},{"data":8000020,"x":13,"y":20,"loot_multiply_ver":1},{"data":8000020,"x":13,"y":17,"loot_multiply_ver":1},{"data":8000020,"x":27,"y":11,"loot_multiply_ver":1},{"data":8000019,"x":29,"y":13,"loot_multiply_ver":1},{"data":8000019,"x":15,"y":11,"loot_multiply_ver":1}],"traps":[],"decos":[{"data":18000001,"x":22,"y":24},{"data":18000001,"x":22,"y":14},{"data":18000002,"x":17,"y":15},{"data":18000007,"x":17,"y":23}],"respawnVars":{"secondsFromLastRespawn":3600,"respawnSeed":162879964,"obstacleClearCounter":0,"time_to_gembox_drop":360000,"time_in_gembox_period":244800},"cooldowns":[],"newShopBuildings":[1,0,2,1,2,1,2,0,2,1,25,0,0,0,1,5,0,0,0,0,0,0,0,0,0,0,0,0],"newShopTraps":[0,0,0,0,0,0,0,0],"newShopDecos":[1,4,0,0,1,0,0,0,0,0,0,0,0,0,0,0,0,0,0,0,0,0,0,0,0,0,0,0,0,0,0,0,0,0,0,0,0],"last_league_rank":0,"last_league_shuffle":0,"last_news_seen":-1,"edit_mode_shown":false}