{"buildings":[{"data":1000001,"lvl":3,"x":22,"y":20},{"data":1000010,"lvl":0,"x":20,"y":19},{"data":1000010,"lvl":0,"x":20,"y":20},{"data":1000010,"lvl":0,"x":20,"y":18},{"data":1000010,"lvl":0,"x":22,"y":18},{"data":1000010,"lvl":0,"x":23,"y":18},{"data":1000010,"lvl":0,"x":24,"y":18},{"data":1000010,"lvl":0,"x":25,"y":18},{"data":1000010,"lvl":0,"x":26,"y":18},{"data":1000010,"lvl":0,"x":27,"y":18},{"data":1000010,"lvl":0,"x":27,"y":19},{"data":1000010,"lvl":0,"x":27,"y":20},{"data":1000010,"lvl":0,"x":27,"y":21},{"data":1000010,"lvl":0,"x":27,"y":22},{"data":1000010,"lvl":0,"x":27,"y":23},{"data":1000010,"lvl":0,"x":27,"y":24},{"data":1000010,"lvl":0,"x":27,"y":25},{"data":1000010,"lvl":0,"x":26,"y":25},{"data":1000010,"lvl":0,"x":25,"y":25},{"data":1000010,"lvl":0,"x":22,"y":25},{"data":1000010,"lvl":0,"x":21,"y":25},{"data":1000010,"lvl":0,"x":20,"y":25},{"data":1000010,"lvl":0,"x":20,"y":24},{"data":1000010,"lvl":0,"x":20,"y":23},{"data":1000010,"lvl":0,"x":20,"y":22},{"data":1000010,"lvl":0,"x":20,"y":21},{"data":1000010,"lvl":0,"x":18,"y":15},{"data":1000010,"lvl":0,"x":18,"y":14},{"data":1000010,"lvl":0,"x":18,"y":18},{"data":1000010,"lvl":0,"x":18,"y":19},{"data":1000010,"lvl":0,"x":18,"y":20},{"data":1000010,"lvl":0,"x":18,"y":21},{"data":1000010,"lvl":0,"x":18,"y":22},{"data":1000010,"lvl":0,"x":18,"y":23},{"data":1000010,"lvl":0,"x":18,"y":24},{"data":1000010,"lvl":0,"x":18,"y":25},{"data":1000010,"lvl":0,"x":18,"y":26},{"data":1000010,"lvl":0,"x":18,"y":27},{"data":1000010,"lvl":0,"x":19,"y":27},{"data":1000010,"lvl":0,"x":20,"y":27},{"data":1000010,"lvl":0,"x":21,"y":27},{"data":1000010,"lvl":0,"x":22,"y":27},{"data":1000010,"lvl":0,"x":23,"y":27},{"data":1000010,"lvl":0,"x":24,"y":27},{"data":1000010,"lvl":0,"x":25,"y":27},{"data":1000010,"lvl":0,"x":26,"y":27},{"data":1000010,"lvl":0,"x":27,"y":27},{"data":1000010,"lvl":0,"x":28,"y":27},{"data":1000010,"lvl":0,"x":29,"y":27},{"data":1000010,"lvl":0,"x":29,"y":26},{"data":1000010,"lvl":0,"x":29,"y":25},{"data":1000010,"lvl":0,"x":29,"y":24},{"data":1000010,"lvl":0,"x":29,"y":23},{"data":1000010,"lvl":0,"x":29,"y":22},{"data":1000010,"lvl":0,"x":29,"y":21},{"data":1000010,"lvl":0,"x":29,"y":20},{"data":1000010,"lvl":0,"x":29,"y":19},{"data":1000010,"lvl":0,"x":29,"y":18},{"data":1000010,"lvl":0,"x":29,"y":17},{"data":1000010,"lvl":0,"x":29,"y":16},{"data":1000010,"lvl":0,"x":29,"y":15},{"data":1000010,"lvl":0,"x":28,"y":15},{"data":1000010,"lvl":0,"x":27,"y":15},{"data":1000010,"lvl":0,"x":26,"y":15},{"data":1000010,"lvl":0,"x":25,"y":15},{"data":1000010,"lvl":0,"x":24,"y":15},{"data":1000010,"lvl":0,"x":23,"y":15},{"data":1000010,"lvl":0,"x":22,"y":15},{"data":1000010,"lvl":0,"x":20,"y":15},{"data":1000010,"lvl":0,"x":20,"y":16},{"data":1000010,"lvl":0,"x":18,"y":11},{"data":1000010,"lvl":0,"x":19,"y":11},{"data":1000010,"lvl":0,"x":20,"y":11},{"data":1000010,"lvl":0,"x":21,"y":11},{"data":1000010,"lvl":0,"x":22,"y":11},{"data":1000010,"lvl":0,"x":23,"y":11},{"data":1000010,"lvl":0,"x":24,"y":11},{"data":1000010,"lvl":0,"x":25,"y":11},{"data":1000010,"lvl":0,"x":26,"y":11},{"data":1000010,"lvl":0,"x":27,"y":11},{"data":1000010,"lvl":0,"x":28,"y":11},{"data":1000010,"lvl":0,"x":29,"y":11},{"data":1000010,"lvl":0,"x":30,"y":11},{"data":1000010,"lvl":0,"x":31,"y":11},{"data":1000010,"lvl":0,"x":32,"y":11},{"data":1000010,"lvl":0,"x":33,"y":11},{"data":1000010,"lvl":0,"x":33,"y":13},{"data":1000010,"lvl":0,"x":33,"y":14},{"data":1000010,"lvl":0,"x":33,"y":15},{"data":1000010,"lvl":0,"x":33,"y":16},{"data":1000010,"lvl":0,"x":33,"y":17},{"data":1000010,"lvl":0,"x":33,"y":18},{"data":1000010,"lvl":0,"x":33,"y":19},{"data":1000010,"lvl":0,"x":33,"y":20},{"data":1000010,"lvl":0,"x":33,"y":21},{"data":1000010,"lvl":0,"x":33,"y":22},{"data":1000010,"lvl":0,"x":33,"y":23},{"data":1000010,"lvl":0,"x":33,"y":24},{"data":1000010,"lvl":0,"x":33,"y":25},{"data":1000010,"lvl":0,"x":33,"y":26},{"data":1000010,"lvl":0,"x":33,"y":27},{"data":1000010,"lvl":0,"x":33,"y":28},{"data":1000010,"lvl":0,"x":33,"y":31},{"data":1000010,"lvl":0,"x":33,"y":29},{"data":1000010,"lvl":0,"x":32,"y":31},{"data":1000010,"lvl":0,"x":31,"y":31},{"data":1000010,"lvl":0,"x":30,"y":31},{"data":1000010,"lvl":0,"x":29,"y":31},{"data":1000010,"lvl":0,"x":28,"y":31},{"data":1000010,"lvl":0,"x":27,"y":31},{"data":1000010,"lvl":0,"x":26,"y":31},{"data":1000010,"lvl":0,"x":25,"y":31},{"data":1000010,"lvl":0,"x":24,"y":31},{"data":1000010,"lvl":0,"x":23,"y":31},{"data":1000010,"lvl":0,"x":22,"y":31},{"data":1000010,"lvl":0,"x":21,"y":31},{"data":1000010,"lvl":0,"x":20,"y":31},{"data":1000010,"lvl":0,"x":19,"y":31},{"data":1000010,"lvl":0,"x":18,"y":31},{"data":1000010,"lvl":0,"x":17,"y":31},{"data":1000010,"lvl":0,"x":16,"y":31},{"data":1000010,"lvl":0,"x":15,"y":31},{"data":1000010,"lvl":0,"x":14,"y":31},{"data":1000010,"lvl":0,"x":14,"y":29},{"data":1000010,"lvl":0,"x":14,"y":28},{"data":1000010,"lvl":0,"x":14,"y":27},{"data":1000010,"lvl":0,"x":14,"y":26},{"data":1000010,"lvl":0,"x":14,"y":25},{"data":1000010,"lvl":0,"x":14,"y":24},{"data":1000010,"lvl":0,"x":14,"y":23},{"data":1000010,"lvl":0,"x":14,"y":22},{"data":1000010,"lvl":0,"x":14,"y":21},{"data":1000010,"lvl":0,"x":14,"y":20},{"data":1000010,"lvl":0,"x":14,"y":19},{"data":1000010,"lvl":0,"x":14,"y":18},{"data":1000010,"lvl":0,"x":14,"y":17},{"data":1000010,"lvl":0,"x":14,"y":16},{"data":1000010,"lvl":0,"x":14,"y":15},{"data":1000010,"lvl":0,"x":14,"y":14},{"data":1000010,"lvl":0,"x":14,"y":13},{"data":1000010,"lvl":0,"x":14,"y":12},{"data":1000010,"lvl":0,"x":14,"y":11},{"data":1000010,"lvl":0,"x":14,"y":10},{"data":1000010,"lvl":0,"x":18,"y":17},{"data":1000010,"lvl":0,"x":18,"y":16},{"data":1000005,"lvl":1,"x":19,"y":12},{"data":1000005,"lvl":1,"x":23,"y":12},{"data":1000005,"lvl":1,"x":27,"y":12},{"data":1000013,"lvl":1,"x":22,"y":15},{"data":1000013,"lvl":1,"x":15,"y":28},{"data":1000009,"lvl":4,"x":30,"y":19},{"data":1000009,"lvl":4,"x":15,"y":19},{"data":1000008,"lvl":3,"x":15,"y":12},{"data":1000008,"lvl":3,"x":30,"y":28},{"data":1000008,"lvl":3,"x":30,"y":13},{"data":1000010,"lvl":0,"x":18,"y":13},{"data":1000010,"lvl":0,"x":23,"y":25},{"data":1000010,"lvl":0,"x":24,"y":25},{"data":1000010,"lvl":0,"x":20,"y":17},{"data":1000010,"lvl":0,"x":21,"y":15},{"data":1000018,"lvl":0,"x":31,"y":16,"units":[],"storage_type":0},{"data":1000018,"lvl":0,"x":16,"y":16,"units":[],"storage_type":0},{"data":1000012,"lvl":1,"x":15,"y":23},{"data":1000012,"lvl":1,"x":30,"y":23},{"data":1000013,"lvl":1,"x":23,"y":28},{"data":1000003,"lvl":1,"x":27,"y":28},{"data":1000003,"lvl":1,"x":18,"y":28},{"data":1000010,"lvl":0,"x":33,"y":12},{"data":1000010,"lvl":0,"x":33,"y":30},{"data":1000010,"lvl":0,"x":14,"y":30},{"data":1000010,"lvl":0,"x":18,"y":12}],"obstacles":[{"data":8000000,"x":4,"y":24,"loot_multiply_ver":1},{"data":8000003,"x":9,"y":27,"loot_multiply_ver":1},{"data":8000006,"x":12,"y":33,"loot_multiply_ver":1},{"data":8000000,"x":6,"y":38,"loot_multiply_ver":1},{"data":8000000,"x":20,"y":38,"loot_multiply_ver":1},{"data":8000000,"x":38,"y":26,"loot_multiply_ver":1},{"data":8000000,"x":34,"y":38,"loot_multiply_ver":1},{"data":8000000,"x":38,"y":38,"loot_multiply_ver":1},{"data":8000000,"x":8,"y":38,"loot_multiply_ver":1},{"data":8000000,"x":4,"y":38,"loot_multiply_ver":1},{"data":8000000,"x":36,"y":38,"loot_multiply_ver":1},{"data":8000000,"x":30,"y":38,"loot_multiply_ver":1},{"data":8000000,"x":38,"y":36,"loot_multiply_ver":1},{"data":8000000,"x":4,"y":26,"loot_multiply_ver":1},{"data":8000000,"x":12,"y":38,"loot_multiply_ver":1},{"data":8000000,"x":28,"y":38,"loot_multiply_ver":1},{"data":8000000,"x":26,"y":38,"loot_multiply_ver":1},{"data":8000000,"x":4,"y":34,"loot_multiply_ver":1},{"data":8000000,"x":16,"y":38,"loot_multiply_ver":1},{"data":8000000,"x":14,"y":38,"loot_multiply_ver":1},{"data":8000000,"x":18,"y":38,"loot_multiply_ver":1},{"data":8000000,"x":4,"y":22,"loot_multiply_ver":1},{"data":8000000,"x":38,"y":30,"loot_multiply_ver":1},{"data":8000000,"x":4,"y":28,"loot_multiply_ver":1},{"data":8000000,"x":24,"y":38,"loot_multiply_ver":1},{"data":8000000,"x":32,"y":38,"loot_multiply_ver":1},{"data":8000000,"x":10,"y":38,"loot_multiply_ver":1},{"data":8000000,"x":38,"y":28,"loot_multiply_ver":1},{"data":8000000,"x":38,"y":32,"loot_multiply_ver":1},{"data":8000000,"x":4,"y":30,"loot_multiply_ver":1},{"data":8000000,"x":4,"y":18,"loot_multiply_ver":1},{"data":8000000,"x":38,"y":34,"loot_multiply_ver":1},{"data":8000000,"x":4,"y":36,"loot_multiply_ver":1},{"data":8000000,"x":4,"y":32,"loot_multiply_ver":1},{"data":8000000,"x":22,"y":38,"loot_multiply_ver":1},{"data":8000000,"x":4,"y":20,"loot_multiply_ver":1},{"data":8000000,"x":4,"y":14,"loot_multiply_ver":1},{"data":8000000,"x":4,"y":12,"loot_multiply_ver":1},{"data":8000000,"x":4,"y":10,"loot_multiply_ver":1},{"data":8000000,"x":4,"y":8,"loot_multiply_ver":1},{"data":8000000,"x":4,"y":6,"loot_multiply_ver":1},{"data":8000000,"x":4,"y":4,"loot_multiply_ver":1},{"data":8000000,"x":6,"y":4,"loot_multiply_ver":1},{"data":8000000,"x":8,"y":4,"loot_multiply_ver":1},{"data":8000000,"x":10,"y":4,"loot_multiply_ver":1},{"data":8000000,"x":12,"y":4,"loot_multiply_ver":1},{"data":8000000,"x":14,"y":4,"loot_multiply_ver":1},{"data":8000000,"x":16,"y":4,"loot_multiply_ver":1},{"data":8000000,"x":18,"y":4,"loot_multiply_ver":1},{"data":8000000,"x":20,"y":4,"loot_multiply_ver":1},{"data":8000000,"x":22,"y":4,"loot_multiply_ver":1},{"data":8000000,"x":24,"y":4,"loot_multiply_ver":1},{"data":8000000,"x":26,"y":4,"loot_multiply_ver":1},{"data":8000000,"x":28,"y":4,"loot_multiply_ver":1},{"data":8000000,"x":30,"y":4,"loot_multiply_ver":1},{"data":8000000,"x":32,"y":4,"loot_multiply_ver":1},{"data":8000000,"x":34,"y":4,"loot_multiply_ver":1},{"data":8000000,"x":36,"y":4,"loot_multiply_ver":1},{"data":8000000,"x":38,"y":4,"loot_multiply_ver":1},{"data":8000000,"x":38,"y":6,"loot_multiply_ver":1},{"data":8000000,"x":38,"y":8,"loot_multiply_ver":1},{"data":8000000,"x":38,"y":10,"loot_multiply_ver":1},{"data":8000000,"x":38,"y":12,"loot_multiply_ver":1},{"data":8000000,"x":38,"y":14,"loot_multiply_ver":1},{"data":8000000,"x":38,"y":16,"loot_multiply_ver":1},{"data":8000000,"x":38,"y":18,"loot_multiply_ver":1},{"data":8000000,"x":38,"y":20,"loot_multiply_ver":1},{"data":8000000,"x":38,"y":22,"loot_multiply_ver":1},{"data":8000000,"x":38,"y":24,"loot_multiply_ver":1},{"data":8000000,"x":4,"y":16,"loot_multiply_ver":1},{"data":8000000,"x":36,"y":20,"loot_multiply_ver":1},{"data":8000000,"x":34,"y":20,"loot_multiply_ver":1},{"data":8000000,"x":12,"y":20,"loot_multiply_ver":1},{"data":8000000,"x":10,"y":20,"loot_multiply_ver":1},{"data":8000013,"x":8,"y":15,"loot_multiply_ver":1},{"data":8000013,"x":16,"y":7,"loot_multiply_ver":1},{"data":8000019,"x":31,"y":8,"loot_multiply_ver":1},{"data":8000019,"x":26,"y":6,"loot_multiply_ver":1},{"data":8000019,"x":23,"y":32,"loot_multiply_ver":1},{"data":8000019,"x":8,"y":8,"loot_multiply_ver":1},{"data":8000019,"x":6,"y":21,"loot_multiply_ver":1}],"traps":[{"data":12000000,"lvl":0,"x":21,"y":19},{"data":12000000,"lvl":0,"x":21,"y":22},{"data":12000000,"lvl":0,"x":22,"y":24},{"data":12000000,"lvl":0,"x":24,"y":24},{"data":12000000,"lvl":0,"x":26,"y":24},{"data":12000000,"lvl":0,"x":26,"y":21},{"data":12000000,"lvl":0,"x":26,"y":19},{"data":12000000,"lvl":0,"x":24,"y":19},{"data":12000001,"lvl":0,"x":28,"y":26},{"data":12000001,"lvl":0,"x":19,"y":26},{"data":12000001,"lvl":0,"x":28,"y":16}],"decos":[],"respawnVars":{"secondsFromLastRespawn":0,"respawnSeed":162879964,"obstacleClearCounter":0,"time_to_gembox_drop":360000,"time_in_gembox_period":244800},"cooldowns":[],"newShopBuildings":[2,0,4,2,4,2,3,1,2,2,75,0,1,1,1,5,0,0,0,0,0,0,0,0,0,0,0,0],"newShopTraps":[2,2,0,0,0,0,0,0],"newShopDecos":[1,4,0,0,1,0,0,0,0,0,0,0,0,0,0,0,0,0,0,0,0,0,0,0,0,0,0,0,0,0,0,0,0,0,0,0,0],"last_league_rank":0,"last_league_shuffle":0,"last_news_seen":-1,"edit_mode_shown":false}