{"buildings":[{"data":1000001,"lvl":0,"x":24,"y":14},{"data":1000008,"lvl":0,"x":18,"y":18}],"obstacles":[{"data":8000000,"x":11,"y":17,"loot_multiply_ver":1},{"data":8000019,"x":13,"y":15,"loot_multiply_ver":1},{"data":8000020,"x":13,"y":12,"loot_multiply_ver":1},{"data":8000019,"x":22,"y":11,"loot_multiply_ver":1},{"data":8000016,"x":18,"y":11,"loot_multiply_ver":1},{"data":8000016,"x":11,"y":19,"loot_multiply_ver":1},{"data":8000016,"x":29,"y":15,"loot_multiply_ver":1},{"data":8000017,"x":29,"y":13,"loot_multiply_ver":1},{"data":8000017,"x":29,"y":17,"loot_multiply_ver":1},{"data":8000020,"x":13,"y":18,"loot_multiply_ver":1},{"data":8000018,"x":16,"y":11,"loot_multiply_ver":1},{"data":8000018,"x":29,"y":11,"loot_multiply_ver":1},{"data":8000000,"x":25,"y":11,"loot_multiply_ver":1},{"data":8000000,"x":27,"y":11,"loot_multiply_ver":1}],"traps":[],"decos":[{"data":18000002,"x":25,"y":19},{"data":18000001,"x":27,"y":19},{"data":18000001,"x":23,"y":19},{"data":18000002,"x":29,"y":19},{"data":18000002,"x":20,"y":11}],"respawnVars":{"secondsFromLastRespawn":21600,"respawnSeed":-1726180663,"obstacleClearCounter":0,"time_to_gembox_drop":543600,"time_in_gembox_period":61200},"cooldowns":[],"newShopBuildings":[1,0,1,1,1,1,1,0,2,0,0,0,0,0,1,5,0,0,0,0,0,0,0,0,0,0,0,0],"newShopTraps":[0,0,0,0,0,0,0,0],"newShopDecos":[1,4,0,0,1,0,0,0,0,0,0,0,0,0,0,0,0,0,0,0,0,0,0,0,0,0,0,0,0,0,0,0,0,0,0,0,0],"last_league_rank":0,"last_league_shuffle":0,"last_news_seen":-1,"edit_mode_shown":false}