{"buildings":[{"data":1000001,"lvl":6,"x":15,"y":18},{"data":1000010,"lvl":7,"x":14,"y":27},{"data":1000010,"lvl":7,"x":25,"y":15},{"data":1000010,"lvl":7,"x":26,"y":25},{"data":1000010,"lvl":8,"x":19,"y":21},{"data":1000010,"lvl":7,"x":22,"y":29},{"data":1000010,"lvl":7,"x":21,"y":27},{"data":1000010,"lvl":8,"x":18,"y":23},{"data":1000010,"lvl":8,"x":19,"y":23},{"data":1000010,"lvl":7,"x":21,"y":28},{"data":1000010,"lvl":7,"x":25,"y":25},{"data":1000010,"lvl":8,"x":14,"y":22},{"data":1000010,"lvl":7,"x":14,"y":13},{"data":1000010,"lvl":7,"x":18,"y":24},{"data":1000010,"lvl":7,"x":14,"y":15},{"data":1000010,"lvl":8,"x":14,"y":21},{"data":1000010,"lvl":8,"x":14,"y":18},{"data":1000010,"lvl":8,"x":14,"y":20},{"data":1000010,"lvl":8,"x":14,"y":17},{"data":1000010,"lvl":7,"x":14,"y":16},{"data":1000010,"lvl":7,"x":20,"y":27},{"data":1000010,"lvl":7,"x":26,"y":15},{"data":1000010,"lvl":7,"x":24,"y":25},{"data":1000010,"lvl":7,"x":17,"y":27},{"data":1000010,"lvl":7,"x":14,"y":24},{"data":1000010,"lvl":7,"x":14,"y":25},{"data":1000010,"lvl":7,"x":21,"y":13},{"data":1000010,"lvl":7,"x":20,"y":13},{"data":1000010,"lvl":7,"x":16,"y":27},{"data":1000010,"lvl":7,"x":14,"y":14},{"data":1000010,"lvl":7,"x":16,"y":13},{"data":1000010,"lvl":7,"x":21,"y":29},{"data":1000010,"lvl":7,"x":14,"y":26},{"data":1000010,"lvl":7,"x":18,"y":13},{"data":1000010,"lvl":8,"x":14,"y":19},{"data":1000010,"lvl":8,"x":14,"y":23},{"data":1000010,"lvl":7,"x":19,"y":13},{"data":1000010,"lvl":7,"x":18,"y":27},{"data":1000010,"lvl":7,"x":19,"y":27},{"data":1000010,"lvl":8,"x":19,"y":22},{"data":1000010,"lvl":7,"x":24,"y":15},{"data":1000010,"lvl":7,"x":18,"y":26},{"data":1000010,"lvl":7,"x":18,"y":25},{"data":1000010,"lvl":7,"x":17,"y":13},{"data":1000010,"lvl":7,"x":18,"y":14},{"data":1000010,"lvl":8,"x":17,"y":23},{"data":1000010,"lvl":8,"x":16,"y":23},{"data":1000010,"lvl":8,"x":15,"y":23},{"data":1000010,"lvl":7,"x":18,"y":16},{"data":1000010,"lvl":7,"x":18,"y":15},{"data":1000010,"lvl":8,"x":18,"y":17},{"data":1000010,"lvl":8,"x":17,"y":17},{"data":1000010,"lvl":8,"x":15,"y":17},{"data":1000010,"lvl":8,"x":16,"y":17},{"data":1000010,"lvl":8,"x":19,"y":20},{"data":1000010,"lvl":8,"x":19,"y":19},{"data":1000010,"lvl":7,"x":15,"y":13},{"data":1000010,"lvl":7,"x":24,"y":29},{"data":1000010,"lvl":7,"x":25,"y":29},{"data":1000010,"lvl":7,"x":26,"y":29},{"data":1000010,"lvl":7,"x":27,"y":29},{"data":1000010,"lvl":7,"x":28,"y":29},{"data":1000010,"lvl":7,"x":27,"y":11},{"data":1000010,"lvl":7,"x":26,"y":11},{"data":1000010,"lvl":7,"x":25,"y":11},{"data":1000010,"lvl":7,"x":24,"y":11},{"data":1000010,"lvl":7,"x":21,"y":12},{"data":1000010,"lvl":7,"x":21,"y":11},{"data":1000010,"lvl":7,"x":22,"y":11},{"data":1000010,"lvl":7,"x":26,"y":24},{"data":1000010,"lvl":7,"x":26,"y":23},{"data":1000010,"lvl":7,"x":26,"y":22},{"data":1000010,"lvl":7,"x":26,"y":21},{"data":1000010,"lvl":7,"x":26,"y":20},{"data":1000010,"lvl":7,"x":26,"y":19},{"data":1000010,"lvl":7,"x":26,"y":18},{"data":1000010,"lvl":7,"x":26,"y":17},{"data":1000010,"lvl":7,"x":26,"y":16},{"data":1000010,"lvl":7,"x":15,"y":27},{"data":1000008,"lvl":10,"x":10,"y":24},{"data":1000008,"lvl":10,"x":10,"y":14},{"data":1000008,"lvl":10,"x":26,"y":12},{"data":1000008,"lvl":10,"x":26,"y":26},{"data":1000010,"lvl":8,"x":19,"y":18},{"data":1000010,"lvl":7,"x":29,"y":29},{"data":1000010,"lvl":7,"x":29,"y":28},{"data":1000010,"lvl":7,"x":29,"y":27},{"data":1000010,"lvl":7,"x":29,"y":26},{"data":1000010,"lvl":7,"x":29,"y":25},{"data":1000010,"lvl":7,"x":29,"y":24},{"data":1000010,"lvl":7,"x":29,"y":23},{"data":1000010,"lvl":7,"x":29,"y":22},{"data":1000010,"lvl":7,"x":29,"y":21},{"data":1000010,"lvl":7,"x":29,"y":18},{"data":1000010,"lvl":7,"x":29,"y":17},{"data":1000010,"lvl":7,"x":29,"y":16},{"data":1000010,"lvl":7,"x":29,"y":15},{"data":1000010,"lvl":7,"x":29,"y":14},{"data":1000010,"lvl":7,"x":29,"y":13},{"data":1000010,"lvl":7,"x":29,"y":12},{"data":1000010,"lvl":7,"x":29,"y":11},{"data":1000010,"lvl":7,"x":28,"y":11},{"data":1000013,"lvl":6,"x":15,"y":14},{"data":1000010,"lvl":7,"x":30,"y":18},{"data":1000010,"lvl":7,"x":30,"y":21},{"data":1000010,"lvl":7,"x":22,"y":10},{"data":1000010,"lvl":7,"x":24,"y":10},{"data":1000010,"lvl":7,"x":22,"y":30},{"data":1000010,"lvl":7,"x":24,"y":30},{"data":1000010,"lvl":7,"x":13,"y":27},{"data":1000010,"lvl":7,"x":13,"y":27},{"data":1000010,"lvl":7,"x":13,"y":26},{"data":1000010,"lvl":7,"x":13,"y":25},{"data":1000010,"lvl":7,"x":13,"y":24},{"data":1000010,"lvl":7,"x":13,"y":23},{"data":1000010,"lvl":8,"x":13,"y":22},{"data":1000010,"lvl":8,"x":13,"y":21},{"data":1000010,"lvl":8,"x":13,"y":20},{"data":1000010,"lvl":8,"x":13,"y":19},{"data":1000010,"lvl":8,"x":13,"y":18},{"data":1000010,"lvl":7,"x":13,"y":17},{"data":1000010,"lvl":7,"x":13,"y":16},{"data":1000010,"lvl":7,"x":13,"y":15},{"data":1000010,"lvl":7,"x":13,"y":14},{"data":1000010,"lvl":7,"x":13,"y":13},{"data":1000013,"lvl":6,"x":23,"y":16},{"data":1000013,"lvl":6,"x":15,"y":24},{"data":1000013,"lvl":6,"x":23,"y":22},{"data":1000011,"lvl":6,"x":30,"y":27},{"data":1000011,"lvl":6,"x":30,"y":11},{"data":1000011,"lvl":6,"x":18,"y":10},{"data":1000011,"lvl":6,"x":18,"y":28},{"data":1000010,"lvl":7,"x":20,"y":23},{"data":1000010,"lvl":7,"x":21,"y":23},{"data":1000010,"lvl":7,"x":22,"y":23},{"data":1000010,"lvl":8,"x":19,"y":17},{"data":1000010,"lvl":7,"x":20,"y":17},{"data":1000010,"lvl":7,"x":21,"y":17},{"data":1000010,"lvl":7,"x":22,"y":17},{"data":1000010,"lvl":7,"x":22,"y":15},{"data":1000010,"lvl":7,"x":22,"y":25},{"data":1000010,"lvl":7,"x":22,"y":24},{"data":1000010,"lvl":7,"x":22,"y":16},{"data":1000010,"lvl":7,"x":27,"y":25},{"data":1000010,"lvl":7,"x":28,"y":25},{"data":1000010,"lvl":7,"x":25,"y":26},{"data":1000010,"lvl":7,"x":25,"y":27},{"data":1000010,"lvl":7,"x":25,"y":28},{"data":1000010,"lvl":7,"x":27,"y":15},{"data":1000010,"lvl":7,"x":28,"y":15},{"data":1000010,"lvl":7,"x":25,"y":14},{"data":1000010,"lvl":7,"x":25,"y":13},{"data":1000010,"lvl":7,"x":25,"y":12},{"data":1000012,"lvl":6,"x":20,"y":19},{"data":1000012,"lvl":6,"x":23,"y":19},{"data":1000010,"lvl":7,"x":12,"y":27},{"data":1000010,"lvl":7,"x":11,"y":27},{"data":1000010,"lvl":7,"x":10,"y":27},{"data":1000010,"lvl":7,"x":9,"y":27},{"data":1000010,"lvl":7,"x":9,"y":26},{"data":1000010,"lvl":7,"x":9,"y":25},{"data":1000010,"lvl":7,"x":9,"y":24},{"data":1000010,"lvl":7,"x":9,"y":23},{"data":1000010,"lvl":7,"x":10,"y":23},{"data":1000010,"lvl":7,"x":11,"y":23},{"data":1000010,"lvl":7,"x":12,"y":23},{"data":1000010,"lvl":8,"x":12,"y":22},{"data":1000010,"lvl":8,"x":11,"y":22},{"data":1000010,"lvl":8,"x":10,"y":22},{"data":1000010,"lvl":7,"x":9,"y":22},{"data":1000010,"lvl":7,"x":9,"y":21},{"data":1000010,"lvl":7,"x":9,"y":20},{"data":1000010,"lvl":7,"x":9,"y":19},{"data":1000010,"lvl":7,"x":9,"y":18},{"data":1000010,"lvl":7,"x":9,"y":17},{"data":1000010,"lvl":7,"x":9,"y":16},{"data":1000010,"lvl":7,"x":9,"y":15},{"data":1000010,"lvl":7,"x":9,"y":14},{"data":1000010,"lvl":7,"x":9,"y":13},{"data":1000010,"lvl":7,"x":10,"y":13},{"data":1000010,"lvl":7,"x":11,"y":13},{"data":1000010,"lvl":7,"x":12,"y":13},{"data":1000010,"lvl":7,"x":12,"y":17},{"data":1000010,"lvl":7,"x":11,"y":17},{"data":1000010,"lvl":7,"x":10,"y":17},{"data":1000010,"lvl":8,"x":10,"y":18},{"data":1000010,"lvl":8,"x":11,"y":18},{"data":1000010,"lvl":8,"x":12,"y":18},{"data":1000005,"lvl":10,"x":10,"y":19},{"data":1000003,"lvl":10,"x":19,"y":24},{"data":1000003,"lvl":10,"x":19,"y":14},{"data":1000019,"lvl":5,"x":16,"y":28},{"data":1000019,"lvl":5,"x":9,"y":28},{"data":1000019,"lvl":5,"x":9,"y":11},{"data":1000019,"lvl":5,"x":16,"y":11},{"data":1000005,"lvl":10,"x":22,"y":26},{"data":1000005,"lvl":10,"x":22,"y":12},{"data":1000009,"lvl":10,"x":12,"y":28},{"data":1000009,"lvl":10,"x":6,"y":19},{"data":1000009,"lvl":10,"x":12,"y":10},{"data":1000009,"lvl":10,"x":30,"y":24},{"data":1000009,"lvl":10,"x":30,"y":14},{"data":1000019,"lvl":5,"x":7,"y":24},{"data":1000019,"lvl":5,"x":7,"y":15}],"obstacles":[{"data":8000000,"x":4,"y":24},{"data":8000003,"x":16,"y":7},{"data":8000002,"x":18,"y":33},{"data":8000003,"x":35,"y":27},{"data":8000012,"x":29,"y":7},{"data":8000006,"x":4,"y":16},{"data":8000011,"x":20,"y":33},{"data":8000000,"x":6,"y":38},{"data":8000000,"x":20,"y":38},{"data":8000000,"x":38,"y":26},{"data":8000000,"x":34,"y":38},{"data":8000000,"x":38,"y":38},{"data":8000000,"x":8,"y":38},{"data":8000000,"x":4,"y":38},{"data":8000000,"x":36,"y":38},{"data":8000000,"x":30,"y":38},{"data":8000000,"x":38,"y":36},{"data":8000000,"x":4,"y":26},{"data":8000000,"x":12,"y":38},{"data":8000000,"x":28,"y":38},{"data":8000000,"x":26,"y":38},{"data":8000000,"x":4,"y":34},{"data":8000000,"x":16,"y":38},{"data":8000000,"x":14,"y":38},{"data":8000000,"x":18,"y":38},{"data":8000000,"x":4,"y":22},{"data":8000000,"x":38,"y":30},{"data":8000000,"x":4,"y":28},{"data":8000000,"x":24,"y":38},{"data":8000000,"x":32,"y":38},{"data":8000000,"x":10,"y":38},{"data":8000000,"x":38,"y":28},{"data":8000000,"x":38,"y":32},{"data":8000000,"x":4,"y":30},{"data":8000000,"x":4,"y":18},{"data":8000000,"x":38,"y":34},{"data":8000000,"x":4,"y":36},{"data":8000000,"x":4,"y":32},{"data":8000000,"x":22,"y":38},{"data":8000000,"x":4,"y":20},{"data":8000000,"x":4,"y":14},{"data":8000000,"x":4,"y":12},{"data":8000000,"x":4,"y":10},{"data":8000000,"x":4,"y":8},{"data":8000000,"x":4,"y":6},{"data":8000000,"x":4,"y":4},{"data":8000000,"x":6,"y":4},{"data":8000000,"x":8,"y":4},{"data":8000000,"x":10,"y":4},{"data":8000000,"x":12,"y":4},{"data":8000000,"x":14,"y":4},{"data":8000000,"x":16,"y":4},{"data":8000000,"x":18,"y":4},{"data":8000000,"x":20,"y":4},{"data":8000000,"x":22,"y":4},{"data":8000000,"x":24,"y":4},{"data":8000000,"x":26,"y":4},{"data":8000000,"x":28,"y":4},{"data":8000000,"x":30,"y":4},{"data":8000000,"x":32,"y":4},{"data":8000000,"x":34,"y":4},{"data":8000000,"x":36,"y":4},{"data":8000000,"x":38,"y":4},{"data":8000000,"x":38,"y":6},{"data":8000000,"x":38,"y":8},{"data":8000000,"x":38,"y":10},{"data":8000000,"x":38,"y":12},{"data":8000000,"x":38,"y":14},{"data":8000000,"x":38,"y":16},{"data":8000000,"x":38,"y":18},{"data":8000000,"x":38,"y":20},{"data":8000000,"x":38,"y":22},{"data":8000000,"x":38,"y":24},{"data":8000000,"x":10,"y":9},{"data":8000000,"x":9,"y":30},{"data":8000019,"x":13,"y":32},{"data":8000019,"x":29,"y":32},{"data":8000019,"x":31,"y":34},{"data":8000019,"x":35,"y":17},{"data":8000020,"x":33,"y":7},{"data":8000020,"x":13,"y":7},{"data":8000020,"x":7,"y":10}],"traps":[{"data":12000000,"x":23,"y":15},{"data":12000000,"x":23,"y":25},{"data":12000000,"x":23,"y":29},{"data":12000000,"x":23,"y":11},{"data":12000001,"x":27,"y":22},{"data":12000001,"x":27,"y":17},{"data":12000001,"x":28,"y":22},{"data":12000001,"x":28,"y":17},{"data":12000001,"x":23,"y":30},{"data":12000001,"x":23,"y":10},{"data":12000001,"x":20,"y":22},{"data":12000001,"x":20,"y":18},{"data":12000005,"x":21,"y":18},{"data":12000005,"x":21,"y":22},{"data":12000002,"x":27,"y":23},{"data":12000002,"x":27,"y":20},{"data":12000002,"x":27,"y":18},{"data":12000000,"x":27,"y":16},{"data":12000000,"x":28,"y":16},{"data":12000001,"x":22,"y":22},{"data":12000001,"x":22,"y":18},{"data":12000001,"x":30,"y":20},{"data":12000001,"x":30,"y":19}],"decos":[{"data":18000001,"x":30,"y":22},{"data":18000001,"x":30,"y":16},{"data":18000001,"x":25,"y":9},{"data":18000001,"x":25,"y":30}],"respawnVars":{"secondsFromLastRespawn":0,"respawnSeed":1529463799,"obstacleClearCounter":0},"cooldowns":[],"newShopBuildings":[4,0,6,2,6,2,4,1,5,4,150,2,2,3,1,5,0,0,0,2,1,0,1,0,1,0,1],"newShopTraps":[6,4,2,0,0,2,1],"newShopDecos":[1,4,0,0,1,0,0,0,0,0,0,0,0,0,0,0,0,0,0,0,0,0,0,0,0,0,0,0,0,0,0,0,0,0,0]}