{"buildings":[{"data":1000001,"lvl":3,"x":15,"y":20},{"data":1000008,"lvl":5,"x":18,"y":13},{"data":1000008,"lvl":5,"x":10,"y":25},{"data":1000010,"lvl":2,"x":20,"y":27},{"data":1000010,"lvl":2,"x":23,"y":18},{"data":1000010,"lvl":2,"x":23,"y":27},{"data":1000010,"lvl":2,"x":23,"y":26},{"data":1000010,"lvl":2,"x":23,"y":19},{"data":1000010,"lvl":2,"x":23,"y":22},{"data":1000010,"lvl":2,"x":23,"y":21},{"data":1000010,"lvl":2,"x":23,"y":20},{"data":1000010,"lvl":2,"x":13,"y":27},{"data":1000010,"lvl":2,"x":13,"y":17},{"data":1000010,"lvl":2,"x":21,"y":16},{"data":1000010,"lvl":2,"x":21,"y":17},{"data":1000010,"lvl":2,"x":23,"y":25},{"data":1000010,"lvl":2,"x":23,"y":16},{"data":1000010,"lvl":2,"x":21,"y":18},{"data":1000010,"lvl":2,"x":21,"y":19},{"data":1000010,"lvl":2,"x":21,"y":20},{"data":1000010,"lvl":2,"x":21,"y":23},{"data":1000010,"lvl":2,"x":17,"y":16},{"data":1000010,"lvl":2,"x":16,"y":16},{"data":1000010,"lvl":2,"x":15,"y":16},{"data":1000010,"lvl":2,"x":23,"y":23},{"data":1000010,"lvl":2,"x":14,"y":27},{"data":1000010,"lvl":2,"x":13,"y":24},{"data":1000010,"lvl":2,"x":13,"y":23},{"data":1000010,"lvl":2,"x":13,"y":22},{"data":1000010,"lvl":2,"x":13,"y":21},{"data":1000010,"lvl":2,"x":14,"y":21},{"data":1000010,"lvl":2,"x":14,"y":20},{"data":1000010,"lvl":2,"x":14,"y":19},{"data":1000010,"lvl":2,"x":14,"y":16},{"data":1000010,"lvl":2,"x":14,"y":18},{"data":1000010,"lvl":2,"x":14,"y":17},{"data":1000010,"lvl":2,"x":21,"y":24},{"data":1000010,"lvl":2,"x":13,"y":20},{"data":1000010,"lvl":2,"x":23,"y":17},{"data":1000010,"lvl":2,"x":13,"y":18},{"data":1000010,"lvl":2,"x":13,"y":19},{"data":1000010,"lvl":2,"x":15,"y":27},{"data":1000010,"lvl":2,"x":16,"y":27},{"data":1000010,"lvl":2,"x":19,"y":27},{"data":1000010,"lvl":2,"x":21,"y":22},{"data":1000010,"lvl":2,"x":18,"y":27},{"data":1000010,"lvl":2,"x":21,"y":21},{"data":1000010,"lvl":2,"x":17,"y":27},{"data":1000010,"lvl":2,"x":23,"y":24},{"data":1000010,"lvl":2,"x":21,"y":25},{"data":1000010,"lvl":2,"x":13,"y":16},{"data":1000008,"lvl":5,"x":21,"y":28},{"data":1000013,"lvl":1,"x":14,"y":24},{"data":1000013,"lvl":1,"x":18,"y":24},{"data":1000009,"lvl":5,"x":15,"y":17},{"data":1000009,"lvl":5,"x":18,"y":16},{"data":1000010,"lvl":2,"x":14,"y":15},{"data":1000010,"lvl":2,"x":13,"y":15},{"data":1000010,"lvl":2,"x":15,"y":15},{"data":1000010,"lvl":2,"x":16,"y":15},{"data":1000010,"lvl":2,"x":17,"y":15},{"data":1000010,"lvl":2,"x":12,"y":24},{"data":1000010,"lvl":2,"x":10,"y":24},{"data":1000010,"lvl":2,"x":9,"y":24},{"data":1000010,"lvl":2,"x":9,"y":25},{"data":1000010,"lvl":2,"x":9,"y":26},{"data":1000010,"lvl":2,"x":9,"y":27},{"data":1000010,"lvl":2,"x":9,"y":28},{"data":1000010,"lvl":2,"x":10,"y":28},{"data":1000010,"lvl":2,"x":11,"y":28},{"data":1000010,"lvl":2,"x":12,"y":28},{"data":1000010,"lvl":2,"x":13,"y":28},{"data":1000010,"lvl":2,"x":20,"y":28},{"data":1000010,"lvl":2,"x":20,"y":29},{"data":1000010,"lvl":2,"x":20,"y":30},{"data":1000010,"lvl":2,"x":20,"y":31},{"data":1000010,"lvl":2,"x":21,"y":31},{"data":1000010,"lvl":2,"x":22,"y":31},{"data":1000010,"lvl":2,"x":23,"y":31},{"data":1000010,"lvl":2,"x":24,"y":31},{"data":1000010,"lvl":2,"x":24,"y":30},{"data":1000010,"lvl":2,"x":24,"y":29},{"data":1000010,"lvl":2,"x":24,"y":28},{"data":1000010,"lvl":2,"x":24,"y":27},{"data":1000010,"lvl":2,"x":21,"y":15},{"data":1000010,"lvl":2,"x":21,"y":14},{"data":1000010,"lvl":2,"x":21,"y":13},{"data":1000010,"lvl":2,"x":21,"y":12},{"data":1000010,"lvl":2,"x":20,"y":12},{"data":1000010,"lvl":2,"x":19,"y":12},{"data":1000010,"lvl":2,"x":18,"y":12},{"data":1000010,"lvl":2,"x":17,"y":13},{"data":1000010,"lvl":2,"x":17,"y":12},{"data":1000010,"lvl":2,"x":17,"y":14},{"data":1000010,"lvl":2,"x":17,"y":15},{"data":1000018,"lvl":0,"x":18,"y":28,"units":[]},{"data":1000018,"lvl":0,"x":16,"y":28,"units":[]},{"data":1000018,"lvl":0,"x":14,"y":28,"units":[]},{"data":1000003,"lvl":2,"x":10,"y":21},{"data":1000003,"lvl":2,"x":10,"y":18},{"data":1000005,"lvl":2,"x":10,"y":15},{"data":1000010,"lvl":2,"x":9,"y":23},{"data":1000010,"lvl":2,"x":9,"y":22},{"data":1000010,"lvl":2,"x":9,"y":21},{"data":1000010,"lvl":2,"x":9,"y":20},{"data":1000010,"lvl":2,"x":9,"y":19},{"data":1000010,"lvl":2,"x":9,"y":18},{"data":1000010,"lvl":2,"x":9,"y":17},{"data":1000010,"lvl":2,"x":9,"y":16},{"data":1000010,"lvl":2,"x":9,"y":15},{"data":1000010,"lvl":2,"x":9,"y":14},{"data":1000010,"lvl":2,"x":10,"y":14},{"data":1000010,"lvl":2,"x":11,"y":14},{"data":1000010,"lvl":2,"x":12,"y":14},{"data":1000010,"lvl":2,"x":13,"y":14}],"obstacles":[{"data":8000000,"x":4,"y":24},{"data":8000002,"x":8,"y":34},{"data":8000006,"x":4,"y":16},{"data":8000000,"x":6,"y":38},{"data":8000000,"x":22,"y":38},{"data":8000000,"x":38,"y":26},{"data":8000000,"x":34,"y":38},{"data":8000000,"x":38,"y":38},{"data":8000000,"x":8,"y":38},{"data":8000000,"x":4,"y":38},{"data":8000000,"x":36,"y":38},{"data":8000000,"x":30,"y":38},{"data":8000000,"x":38,"y":36},{"data":8000000,"x":4,"y":26},{"data":8000000,"x":12,"y":38},{"data":8000000,"x":28,"y":38},{"data":8000000,"x":26,"y":38},{"data":8000000,"x":4,"y":34},{"data":8000000,"x":16,"y":38},{"data":8000000,"x":14,"y":38},{"data":8000000,"x":18,"y":38},{"data":8000000,"x":4,"y":22},{"data":8000000,"x":38,"y":30},{"data":8000000,"x":4,"y":28},{"data":8000000,"x":24,"y":38},{"data":8000000,"x":32,"y":38},{"data":8000000,"x":10,"y":38},{"data":8000000,"x":38,"y":28},{"data":8000000,"x":38,"y":32},{"data":8000000,"x":4,"y":30},{"data":8000000,"x":4,"y":18},{"data":8000000,"x":38,"y":34},{"data":8000000,"x":4,"y":36},{"data":8000000,"x":4,"y":32},{"data":8000000,"x":20,"y":38},{"data":8000000,"x":4,"y":20},{"data":8000000,"x":4,"y":14},{"data":8000000,"x":4,"y":12},{"data":8000000,"x":4,"y":10},{"data":8000000,"x":4,"y":8},{"data":8000000,"x":4,"y":6},{"data":8000000,"x":4,"y":4},{"data":8000000,"x":6,"y":4},{"data":8000000,"x":8,"y":4},{"data":8000000,"x":10,"y":4},{"data":8000000,"x":12,"y":4},{"data":8000000,"x":14,"y":4},{"data":8000000,"x":16,"y":4},{"data":8000000,"x":18,"y":4},{"data":8000000,"x":20,"y":4},{"data":8000000,"x":22,"y":4},{"data":8000000,"x":24,"y":4},{"data":8000000,"x":26,"y":4},{"data":8000000,"x":28,"y":4},{"data":8000000,"x":30,"y":4},{"data":8000000,"x":32,"y":4},{"data":8000000,"x":34,"y":4},{"data":8000000,"x":36,"y":4},{"data":8000000,"x":38,"y":4},{"data":8000000,"x":38,"y":6},{"data":8000000,"x":38,"y":8},{"data":8000000,"x":38,"y":10},{"data":8000000,"x":38,"y":12},{"data":8000000,"x":38,"y":14},{"data":8000000,"x":38,"y":16},{"data":8000000,"x":38,"y":18},{"data":8000000,"x":38,"y":20},{"data":8000000,"x":38,"y":22},{"data":8000000,"x":38,"y":24},{"data":8000013,"x":12,"y":7},{"data":8000013,"x":27,"y":19},{"data":8000013,"x":7,"y":11},{"data":8000013,"x":26,"y":27},{"data":8000000,"x":35,"y":15},{"data":8000000,"x":33,"y":7},{"data":8000000,"x":32,"y":13},{"data":8000000,"x":28,"y":7},{"data":8000000,"x":27,"y":12},{"data":8000000,"x":13,"y":12},{"data":8000000,"x":18,"y":8},{"data":8000000,"x":33,"y":20},{"data":8000000,"x":34,"y":31},{"data":8000000,"x":33,"y":33},{"data":8000000,"x":28,"y":33},{"data":8000018,"x":11,"y":32},{"data":8000018,"x":7,"y":29},{"data":8000018,"x":24,"y":35},{"data":8000019,"x":31,"y":26},{"data":8000019,"x":18,"y":33},{"data":8000019,"x":10,"y":9}],"traps":[{"data":12000000,"x":22,"y":17},{"data":12000001,"x":22,"y":19},{"data":12000001,"x":22,"y":24},{"data":12000001,"x":20,"y":22},{"data":12000000,"x":22,"y":21},{"data":12000000,"x":17,"y":26},{"data":12000000,"x":17,"y":24},{"data":12000000,"x":19,"y":20},{"data":12000001,"x":18,"y":30},{"data":12000001,"x":15,"y":30},{"data":12000001,"x":21,"y":27},{"data":12000000,"x":11,"y":24}],"decos":[],"respawnVars":{"secondsFromLastRespawn":0,"respawnSeed":1529463799,"obstacleClearCounter":0}}