{"buildings":[{"data":1000001,"lvl":1,"x":15,"y":17},{"data":1000008,"lvl":0,"x":22,"y":16},{"data":1000008,"lvl":0,"x":13,"y":28},{"data":1000010,"lvl":0,"x":21,"y":27},{"data":1000010,"lvl":0,"x":20,"y":27},{"data":1000010,"lvl":0,"x":21,"y":25},{"data":1000010,"lvl":0,"x":22,"y":27},{"data":1000010,"lvl":0,"x":23,"y":27},{"data":1000010,"lvl":0,"x":23,"y":26},{"data":1000010,"lvl":0,"x":20,"y":25},{"data":1000010,"lvl":0,"x":17,"y":25},{"data":1000010,"lvl":0,"x":18,"y":25},{"data":1000010,"lvl":0,"x":19,"y":25},{"data":1000010,"lvl":0,"x":13,"y":27},{"data":1000010,"lvl":0,"x":23,"y":23},{"data":1000010,"lvl":0,"x":21,"y":16},{"data":1000010,"lvl":0,"x":21,"y":17},{"data":1000010,"lvl":0,"x":23,"y":25},{"data":1000010,"lvl":0,"x":19,"y":17},{"data":1000010,"lvl":0,"x":21,"y":18},{"data":1000010,"lvl":0,"x":21,"y":19},{"data":1000010,"lvl":0,"x":21,"y":20},{"data":1000010,"lvl":0,"x":21,"y":23},{"data":1000010,"lvl":0,"x":20,"y":16},{"data":1000010,"lvl":0,"x":19,"y":16},{"data":1000010,"lvl":0,"x":17,"y":16},{"data":1000010,"lvl":0,"x":18,"y":16},{"data":1000010,"lvl":0,"x":16,"y":16},{"data":1000010,"lvl":0,"x":15,"y":16},{"data":1000010,"lvl":0,"x":16,"y":25},{"data":1000010,"lvl":0,"x":14,"y":27},{"data":1000010,"lvl":0,"x":13,"y":26},{"data":1000010,"lvl":0,"x":13,"y":25},{"data":1000010,"lvl":0,"x":13,"y":24},{"data":1000010,"lvl":0,"x":13,"y":23},{"data":1000010,"lvl":0,"x":13,"y":22},{"data":1000010,"lvl":0,"x":13,"y":21},{"data":1000010,"lvl":0,"x":14,"y":21},{"data":1000010,"lvl":0,"x":14,"y":20},{"data":1000010,"lvl":0,"x":14,"y":19},{"data":1000010,"lvl":0,"x":17,"y":21},{"data":1000010,"lvl":0,"x":14,"y":16},{"data":1000010,"lvl":0,"x":14,"y":18},{"data":1000010,"lvl":0,"x":14,"y":17},{"data":1000010,"lvl":0,"x":21,"y":24},{"data":1000010,"lvl":0,"x":19,"y":21},{"data":1000010,"lvl":0,"x":19,"y":18},{"data":1000010,"lvl":0,"x":16,"y":21},{"data":1000010,"lvl":0,"x":18,"y":21},{"data":1000010,"lvl":0,"x":15,"y":27},{"data":1000010,"lvl":0,"x":16,"y":27},{"data":1000010,"lvl":0,"x":19,"y":27},{"data":1000010,"lvl":0,"x":21,"y":22},{"data":1000010,"lvl":0,"x":18,"y":27},{"data":1000010,"lvl":0,"x":21,"y":21},{"data":1000010,"lvl":0,"x":17,"y":27},{"data":1000010,"lvl":0,"x":23,"y":24},{"data":1000010,"lvl":0,"x":19,"y":20},{"data":1000010,"lvl":0,"x":15,"y":21},{"data":1000018,"lvl":0,"x":14,"y":22,"units":[],"storage_type":0},{"data":1000018,"lvl":0,"x":17,"y":22,"units":[],"storage_type":0},{"data":1000018,"lvl":0,"x":24,"y":24,"units":[],"storage_type":0},{"data":1000010,"lvl":0,"x":36,"y":35},{"data":1000010,"lvl":0,"x":35,"y":35},{"data":1000010,"lvl":0,"x":37,"y":33},{"data":1000010,"lvl":0,"x":37,"y":32},{"data":1000010,"lvl":0,"x":37,"y":34},{"data":1000010,"lvl":0,"x":37,"y":35}],"obstacles":[{"data":8000000,"x":4,"y":24},{"data":8000003,"x":12,"y":19},{"data":8000002,"x":8,"y":34},{"data":8000006,"x":4,"y":16},{"data":8000000,"x":6,"y":38},{"data":8000000,"x":22,"y":38},{"data":8000000,"x":38,"y":26},{"data":8000000,"x":31,"y":37},{"data":8000000,"x":35,"y":36},{"data":8000000,"x":8,"y":38},{"data":8000000,"x":4,"y":38},{"data":8000000,"x":34,"y":39},{"data":8000000,"x":33,"y":30},{"data":8000000,"x":38,"y":35},{"data":8000000,"x":4,"y":26},{"data":8000000,"x":12,"y":38},{"data":8000000,"x":28,"y":38},{"data":8000000,"x":26,"y":38},{"data":8000000,"x":4,"y":34},{"data":8000000,"x":16,"y":38},{"data":8000000,"x":14,"y":38},{"data":8000000,"x":18,"y":38},{"data":8000000,"x":4,"y":22},{"data":8000000,"x":37,"y":30},{"data":8000000,"x":4,"y":28},{"data":8000000,"x":24,"y":38},{"data":8000000,"x":38,"y":37},{"data":8000000,"x":10,"y":38},{"data":8000000,"x":39,"y":28},{"data":8000000,"x":38,"y":32},{"data":8000000,"x":4,"y":30},{"data":8000000,"x":4,"y":18},{"data":8000000,"x":40,"y":34},{"data":8000000,"x":4,"y":36},{"data":8000000,"x":4,"y":32},{"data":8000000,"x":20,"y":38},{"data":8000000,"x":4,"y":20},{"data":8000000,"x":4,"y":14},{"data":8000000,"x":4,"y":12},{"data":8000000,"x":4,"y":10},{"data":8000000,"x":4,"y":8},{"data":8000000,"x":4,"y":6},{"data":8000000,"x":4,"y":4},{"data":8000000,"x":6,"y":4},{"data":8000000,"x":8,"y":4},{"data":8000000,"x":10,"y":4},{"data":8000000,"x":12,"y":4},{"data":8000000,"x":14,"y":4},{"data":8000000,"x":16,"y":4},{"data":8000000,"x":18,"y":4},{"data":8000000,"x":20,"y":4},{"data":8000000,"x":22,"y":4},{"data":8000000,"x":24,"y":4},{"data":8000000,"x":26,"y":4},{"data":8000000,"x":28,"y":4},{"data":8000000,"x":30,"y":4},{"data":8000000,"x":32,"y":4},{"data":8000000,"x":34,"y":4},{"data":8000000,"x":36,"y":4},{"data":8000000,"x":38,"y":4},{"data":8000000,"x":38,"y":6},{"data":8000000,"x":38,"y":8},{"data":8000000,"x":38,"y":10},{"data":8000000,"x":38,"y":12},{"data":8000000,"x":38,"y":14},{"data":8000000,"x":38,"y":16},{"data":8000000,"x":38,"y":18},{"data":8000000,"x":38,"y":20},{"data":8000000,"x":38,"y":22},{"data":8000000,"x":38,"y":24},{"data":8000000,"x":21,"y":14},{"data":8000000,"x":11,"y":26},{"data":8000020,"x":12,"y":35},{"data":8000020,"x":20,"y":8},{"data":8000020,"x":25,"y":10},{"data":8000027,"x":35,"y":33},{"data":8000010,"x":33,"y":34},{"data":8000003,"x":35,"y":31},{"data":8000000,"x":37,"y":28},{"data":8000000,"x":35,"y":29},{"data":8000000,"x":33,"y":28},{"data":8000000,"x":30,"y":39},{"data":8000000,"x":33,"y":36}],"traps":[{"data":12000000,"x":17,"y":26},{"data":12000000,"x":20,"y":21}],"decos":[{"data":18000001,"x":26,"y":22},{"data":18000001,"x":20,"y":28},{"data":18000001,"x":16,"y":14},{"data":18000001,"x":11,"y":24},{"data":18000007,"x":12,"y":16}],"respawnVars":{"secondsFromLastRespawn":0,"respawnSeed":1529463799,"obstacleClearCounter":0},"cooldowns":[],"newShopBuildings":[1,0,2,1,2,1,2,0,2,1,25,0,0,0,1,5,0,0,0,0,0,0,0,0,0,0,0],"newShopTraps":[0,0,0,0,0,0,0],"newShopDecos":[1,4,0,0,1,0,0,0,0,0,0,0,0,0,0,0,0,0,0,0,0,0,0,0,0,0,0,0,0,0,0,0,0,0,0,0,0]}