{"buildings":[{"data":1000001,"lvl":1,"x":11,"y":12},{"data":1000010,"lvl":3,"x":6,"y":13},{"data":1000010,"lvl":3,"x":7,"y":13},{"data":1000010,"lvl":3,"x":8,"y":13},{"data":1000010,"lvl":3,"x":10,"y":13},{"data":1000010,"lvl":3,"x":12,"y":11},{"data":1000010,"lvl":3,"x":13,"y":11},{"data":1000010,"lvl":3,"x":12,"y":8},{"data":1000010,"lvl":3,"x":12,"y":7},{"data":1000010,"lvl":3,"x":12,"y":6},{"data":1000010,"lvl":3,"x":11,"y":6},{"data":1000010,"lvl":3,"x":10,"y":6},{"data":1000010,"lvl":3,"x":9,"y":6},{"data":1000010,"lvl":3,"x":8,"y":6},{"data":1000010,"lvl":3,"x":7,"y":6},{"data":1000010,"lvl":3,"x":6,"y":6},{"data":1000010,"lvl":3,"x":6,"y":7},{"data":1000010,"lvl":3,"x":6,"y":8},{"data":1000010,"lvl":3,"x":6,"y":9},{"data":1000010,"lvl":3,"x":6,"y":10},{"data":1000010,"lvl":3,"x":6,"y":11},{"data":1000010,"lvl":3,"x":6,"y":12},{"data":1000010,"lvl":3,"x":14,"y":11},{"data":1000010,"lvl":3,"x":14,"y":11},{"data":1000010,"lvl":3,"x":15,"y":11},{"data":1000010,"lvl":3,"x":12,"y":9},{"data":1000010,"lvl":3,"x":13,"y":9},{"data":1000010,"lvl":3,"x":14,"y":9},{"data":1000010,"lvl":3,"x":15,"y":9},{"data":1000010,"lvl":3,"x":16,"y":9},{"data":1000010,"lvl":3,"x":17,"y":7},{"data":1000010,"lvl":3,"x":17,"y":6},{"data":1000010,"lvl":3,"x":18,"y":6},{"data":1000010,"lvl":3,"x":19,"y":6},{"data":1000010,"lvl":3,"x":20,"y":6},{"data":1000010,"lvl":3,"x":21,"y":6},{"data":1000010,"lvl":3,"x":22,"y":6},{"data":1000010,"lvl":3,"x":23,"y":6},{"data":1000010,"lvl":3,"x":24,"y":6},{"data":1000010,"lvl":3,"x":24,"y":7},{"data":1000010,"lvl":3,"x":24,"y":8},{"data":1000010,"lvl":3,"x":24,"y":9},{"data":1000010,"lvl":3,"x":24,"y":10},{"data":1000010,"lvl":3,"x":24,"y":11},{"data":1000010,"lvl":3,"x":24,"y":12},{"data":1000010,"lvl":3,"x":24,"y":13},{"data":1000010,"lvl":3,"x":21,"y":13},{"data":1000010,"lvl":3,"x":19,"y":13},{"data":1000010,"lvl":3,"x":18,"y":13},{"data":1000010,"lvl":3,"x":17,"y":13},{"data":1000010,"lvl":3,"x":17,"y":12},{"data":1000010,"lvl":3,"x":16,"y":11},{"data":1000010,"lvl":3,"x":17,"y":11},{"data":1000010,"lvl":3,"x":10,"y":14},{"data":1000010,"lvl":3,"x":10,"y":15},{"data":1000010,"lvl":3,"x":10,"y":16},{"data":1000010,"lvl":3,"x":10,"y":17},{"data":1000010,"lvl":3,"x":10,"y":18},{"data":1000010,"lvl":3,"x":11,"y":18},{"data":1000010,"lvl":3,"x":12,"y":18},{"data":1000010,"lvl":3,"x":8,"y":14},{"data":1000010,"lvl":3,"x":8,"y":15},{"data":1000010,"lvl":3,"x":8,"y":16},{"data":1000010,"lvl":3,"x":8,"y":17},{"data":1000010,"lvl":3,"x":8,"y":18},{"data":1000010,"lvl":3,"x":7,"y":18},{"data":1000010,"lvl":3,"x":6,"y":18},{"data":1000010,"lvl":3,"x":6,"y":19},{"data":1000010,"lvl":3,"x":6,"y":20},{"data":1000010,"lvl":3,"x":6,"y":21},{"data":1000010,"lvl":3,"x":6,"y":22},{"data":1000010,"lvl":3,"x":6,"y":23},{"data":1000010,"lvl":3,"x":6,"y":24},{"data":1000010,"lvl":3,"x":6,"y":25},{"data":1000010,"lvl":3,"x":7,"y":25},{"data":1000010,"lvl":3,"x":8,"y":25},{"data":1000010,"lvl":3,"x":9,"y":25},{"data":1000010,"lvl":3,"x":10,"y":25},{"data":1000010,"lvl":3,"x":11,"y":25},{"data":1000010,"lvl":3,"x":12,"y":25},{"data":1000010,"lvl":3,"x":12,"y":24},{"data":1000010,"lvl":3,"x":12,"y":23},{"data":1000010,"lvl":3,"x":12,"y":22},{"data":1000010,"lvl":3,"x":12,"y":20},{"data":1000010,"lvl":3,"x":12,"y":19},{"data":1000010,"lvl":3,"x":13,"y":22},{"data":1000010,"lvl":3,"x":14,"y":22},{"data":1000010,"lvl":3,"x":15,"y":22},{"data":1000010,"lvl":3,"x":16,"y":22},{"data":1000010,"lvl":3,"x":19,"y":22},{"data":1000010,"lvl":3,"x":21,"y":14},{"data":1000010,"lvl":3,"x":21,"y":15},{"data":1000010,"lvl":3,"x":21,"y":16},{"data":1000010,"lvl":3,"x":21,"y":17},{"data":1000010,"lvl":3,"x":21,"y":20},{"data":1000010,"lvl":3,"x":21,"y":21},{"data":1000010,"lvl":3,"x":21,"y":22},{"data":1000010,"lvl":3,"x":20,"y":22},{"data":1000010,"lvl":3,"x":13,"y":20},{"data":1000010,"lvl":3,"x":14,"y":20},{"data":1000010,"lvl":3,"x":15,"y":20},{"data":1000010,"lvl":3,"x":16,"y":20},{"data":1000010,"lvl":3,"x":17,"y":20},{"data":1000010,"lvl":3,"x":18,"y":20},{"data":1000010,"lvl":3,"x":19,"y":20},{"data":1000010,"lvl":3,"x":19,"y":19},{"data":1000010,"lvl":3,"x":19,"y":18},{"data":1000010,"lvl":3,"x":19,"y":17},{"data":1000010,"lvl":3,"x":19,"y":16},{"data":1000010,"lvl":3,"x":19,"y":15},{"data":1000010,"lvl":3,"x":19,"y":14},{"data":1000010,"lvl":3,"x":17,"y":8},{"data":1000010,"lvl":3,"x":17,"y":9},{"data":1000010,"lvl":3,"x":22,"y":20},{"data":1000010,"lvl":3,"x":19,"y":23},{"data":1000018,"lvl":0,"x":7,"y":19,"units":[]},{"data":1000018,"lvl":0,"x":7,"y":21,"units":[]},{"data":1000018,"lvl":0,"x":7,"y":23,"units":[]},{"data":1000018,"lvl":0,"x":18,"y":7,"units":[]},{"data":1000018,"lvl":0,"x":20,"y":7,"units":[]},{"data":1000018,"lvl":0,"x":22,"y":7,"units":[]},{"data":1000010,"lvl":3,"x":23,"y":13},{"data":1000010,"lvl":3,"x":22,"y":13},{"data":1000008,"lvl":5,"x":9,"y":20},{"data":1000008,"lvl":5,"x":19,"y":10},{"data":1000012,"lvl":4,"x":8,"y":7},{"data":1000008,"lvl":5,"x":13,"y":6},{"data":1000008,"lvl":5,"x":5,"y":14},{"data":1000010,"lvl":3,"x":12,"y":26},{"data":1000010,"lvl":3,"x":25,"y":13},{"data":1000018,"lvl":0,"x":17,"y":18,"units":[]},{"data":1000018,"lvl":0,"x":15,"y":18,"units":[]},{"data":1000018,"lvl":0,"x":15,"y":16,"units":[]},{"data":1000018,"lvl":0,"x":17,"y":16,"units":[]},{"data":1000008,"lvl":1,"x":8,"y":10}],"obstacles":[{"data":8000000,"x":4,"y":24},{"data":8000002,"x":8,"y":34},{"data":8000003,"x":28,"y":12},{"data":8000006,"x":4,"y":16},{"data":8000000,"x":6,"y":38},{"data":8000000,"x":22,"y":38},{"data":8000000,"x":38,"y":26},{"data":8000000,"x":34,"y":38},{"data":8000000,"x":38,"y":38},{"data":8000000,"x":8,"y":38},{"data":8000000,"x":4,"y":38},{"data":8000000,"x":36,"y":38},{"data":8000000,"x":30,"y":38},{"data":8000000,"x":38,"y":36},{"data":8000000,"x":4,"y":26},{"data":8000000,"x":12,"y":38},{"data":8000000,"x":28,"y":38},{"data":8000000,"x":26,"y":38},{"data":8000000,"x":4,"y":34},{"data":8000000,"x":16,"y":38},{"data":8000000,"x":14,"y":38},{"data":8000000,"x":18,"y":38},{"data":8000000,"x":4,"y":22},{"data":8000000,"x":38,"y":30},{"data":8000000,"x":4,"y":28},{"data":8000000,"x":24,"y":38},{"data":8000000,"x":32,"y":38},{"data":8000000,"x":10,"y":38},{"data":8000000,"x":38,"y":28},{"data":8000000,"x":38,"y":32},{"data":8000000,"x":4,"y":30},{"data":8000000,"x":4,"y":18},{"data":8000000,"x":38,"y":34},{"data":8000000,"x":4,"y":36},{"data":8000000,"x":4,"y":32},{"data":8000000,"x":20,"y":38},{"data":8000000,"x":4,"y":20},{"data":8000000,"x":4,"y":14},{"data":8000000,"x":4,"y":12},{"data":8000000,"x":4,"y":10},{"data":8000000,"x":4,"y":8},{"data":8000000,"x":4,"y":6},{"data":8000000,"x":4,"y":4},{"data":8000000,"x":6,"y":4},{"data":8000000,"x":8,"y":4},{"data":8000000,"x":10,"y":4},{"data":8000000,"x":12,"y":4},{"data":8000000,"x":14,"y":4},{"data":8000000,"x":16,"y":4},{"data":8000000,"x":18,"y":4},{"data":8000000,"x":20,"y":4},{"data":8000000,"x":22,"y":4},{"data":8000000,"x":24,"y":4},{"data":8000000,"x":26,"y":4},{"data":8000000,"x":28,"y":4},{"data":8000000,"x":30,"y":4},{"data":8000000,"x":32,"y":4},{"data":8000000,"x":34,"y":4},{"data":8000000,"x":36,"y":4},{"data":8000000,"x":38,"y":4},{"data":8000000,"x":38,"y":6},{"data":8000000,"x":38,"y":8},{"data":8000000,"x":38,"y":10},{"data":8000000,"x":38,"y":12},{"data":8000000,"x":38,"y":14},{"data":8000000,"x":38,"y":16},{"data":8000000,"x":38,"y":18},{"data":8000000,"x":38,"y":20},{"data":8000000,"x":38,"y":22},{"data":8000000,"x":38,"y":24},{"data":8000005,"x":30,"y":22},{"data":8000005,"x":19,"y":32},{"data":8000005,"x":27,"y":35},{"data":8000019,"x":8,"y":28},{"data":8000019,"x":31,"y":31},{"data":8000019,"x":33,"y":12},{"data":8000019,"x":28,"y":8}],"traps":[{"data":12000001,"x":9,"y":17},{"data":12000001,"x":12,"y":10},{"data":12000000,"x":17,"y":23},{"data":12000000,"x":18,"y":23},{"data":12000000,"x":20,"y":15},{"data":12000000,"x":13,"y":21}],"decos":[{"data":18000001,"x":22,"y":23},{"data":18000001,"x":22,"y":21},{"data":18000001,"x":20,"y":23},{"data":18000002,"x":27,"y":22},{"data":18000002,"x":24,"y":29},{"data":18000002,"x":14,"y":29},{"data":18000002,"x":11,"y":35}],"respawnVars":{"secondsFromLastRespawn":0,"respawnSeed":1529463799,"obstacleClearCounter":0}}