{"files":[{"sha":"10f48a0075623ed67d60e18cae48d3dbc3b47055","file":"csv\/animations.csv"},{"sha":"afe6ca906e9ec4788f270c67e9f24c19fd048e07","file":"csv\/billing_packages.csv"},{"sha":"0d5e5d9b66a1744a96146e494af6209f796462a2","file":"csv\/client_globals.csv"},{"sha":"b4602807d3c42ddf021f8b120a54965a8999548d","file":"csv\/credits.csv"},{"sha":"d3c86c176b311b80cfde77a46dce1fd2453ad6f4","file":"csv\/faq.csv"},{"sha":"874cf740d44728a6ad6ba2d6bead456d50b07a0a","file":"csv\/hints.csv"},{"sha":"79531492ca43f4589cf479c0ba71205061776424","file":"csv\/news.csv"},{"sha":"d797b7804c55763d901dc9643daeb5888a221916","file":"csv\/particle_emitters.csv"},{"sha":"94f90fdc2cfe19568f9434943c4eaa42195c1ae4","file":"csv\/resource_packs.csv"},{"sha":"b634de1f4d494ffcc802b4dddc1e232c4bafda56","file":"csv\/texts.csv"},{"sha":"36318c27174e83416146a801f771f44d0334bf55","file":"csv\/texts_patch.csv"},{"sha":"65efb16fe665a649f66f897241ca008db93c6d47","file":"font\/CCBackBeat-Light_5.ttf"},{"sha":"89ebc1efe2ac968fdc471f06d3968e0df3504f76","file":"font\/Supercell-Magic_5.ttf"},{"sha":"719870d4573b1267eba821b4a5498b5505139ce9","file":"font\/debug.fnt"},{"sha":"09b88ec785c9997ccd6598fb6678927f131c7fe2","file":"font\/debug.png"},{"sha":"c492d173363c19ebff035b23b6b6f67429e59ecb","file":"image\/tileset.png"},{"sha":"a66caf0e67dfc46391761465f311b87cfcaa06bf","file":"logic\/achievements.csv"},{"sha":"a8b008501f96644484e08da00d0876c1d4369720","file":"logic\/alliance_badges.csv"},{"sha":"56f847f166f2bbb33947636c6e2dff95afe05106","file":"logic\/alliance_portal.csv"},{"sha":"d51b3d05baa8fa76221eb68485568e5b8d259182","file":"logic\/building_classes.csv"},{"sha":"31a743289b31d8990f7908dbecb95f47388cc86e","file":"logic\/buildings.csv"},{"sha":"7e6edba7cea6fb0ebb16160f3609514fec4f5746","file":"logic\/characters.csv"},{"sha":"f5c0926be821afc0662d607f78ab5ba4eea582a9","file":"logic\/decos.csv"},{"sha":"e626426a6a7196ae3dd9fd2d97288439a5629f18","file":"logic\/effects.csv"},{"sha":"00f33e5e69e68f504b4d0df4ba3c310c9a4ad0d0","file":"logic\/experience_levels.csv"},{"sha":"554d06dea18009f1d88b705763561b6bac13122c","file":"logic\/globals.csv"},{"sha":"512445b309fe2342322b1f240bd4443b0394519b","file":"logic\/heroes.csv"},{"sha":"b601ac15aefad10447f95ce83acff78ded748227","file":"logic\/leagues.csv"},{"sha":"4d6cb6d58574c6b31db278f6b77eebe6bc849d97","file":"logic\/locales.csv"},{"sha":"3dc0156d0e487878932765a7a777e8195444ef0f","file":"logic\/missions.csv"},{"sha":"d1cb9d2fbf9f7b3536291993b67cd8d1cdbb4418","file":"logic\/npcs.csv"},{"sha":"7229b8a2334e736573cc2efe9c7070b7c6df9a2f","file":"logic\/obstacles.csv"},{"sha":"e99f5a376c40f3c4dad7d41cb819232dd42ff712","file":"logic\/projectiles.csv"},{"sha":"d30eb314aa99cd1c8fb19b95c41f0a9dd650ada3","file":"logic\/regions.csv"},{"sha":"46a93ccaab9d49287d969b5011c89f053202f61e","file":"logic\/resources.csv"},{"sha":"41ff71b88f57940fb027adbcebcd070be6a54d75","file":"logic\/shields.csv"},{"sha":"bfcfc0f68ba469c80a378797613c31ffef9cc974","file":"logic\/spells.csv"},{"sha":"374909fadc186934f66ed7b133fa288451c4f8e4","file":"logic\/townhall_levels.csv"},{"sha":"913fd573b33584631d9160aa67b6b73b722211cc","file":"logic\/traps.csv"},{"sha":"f827e1e07ba191c183bae6732cc86c1d9bb08d19","file":"logic\/war.csv"},{"sha":"2079748f5eb9017d6affae7a75b846b2115d2cd1","file":"music\/battle_lost_02.mp3"},{"sha":"7a6741de9ae07e2f2d4ee77e69f2615ceb12bf2d","file":"music\/combat_music.mp3"},{"sha":"746111e8a6d68e57d2f61458a4509be241815b5a","file":"music\/combat_music.ogg"},{"sha":"3945c1cf3c26b7623e72d663b6df37fb6c42f4bf","file":"music\/combat_planning_music.mp3"},{"sha":"040cb4fdfcf35942655e9041d4ffa601f85c423f","file":"music\/fem_talk.mp3"},{"sha":"d4da65a316148d1e62e3561a97ace16079cb1a0a","file":"music\/fem_talk_scared.mp3"},{"sha":"59486e67acf7c63521f50e24c38cf68d2c467d74","file":"music\/gob_attack.mp3"},{"sha":"7954c50e37e4625300cad8b713804b812e5612fa","file":"music\/goblin_talk.mp3"},{"sha":"d0c0a91b9179846aa473ff5e943d18081a4ba4de","file":"music\/home_music_part_1.mp3"},{"sha":"47741f07cc2badab599d219de458cdf40bcc4c60","file":"music\/home_music_part_1.ogg"},{"sha":"a5f629a0ddfab6018e0e7bdace03fa49aa08e9b8","file":"music\/home_music_part_2.mp3"},{"sha":"e261cc23db778a372ad739053e7322ea98de4ec2","file":"music\/home_music_part_2.ogg"},{"sha":"ad440c2f29e8929264514228f52b9bbbb16c47b3","file":"music\/home_music_part_3.mp3"},{"sha":"f2eaf13f2e29f10e2755524498ad59747831e394","file":"music\/home_music_part_3.ogg"},{"sha":"5f389c4989d15aa934a8b74a8bad4f9e13510cc8","file":"music\/war_map_ambi_01.mp3"},{"sha":"faca0df6b42505b6541138a4425d20beb65925a7","file":"music\/winwinwin.mp3"},{"sha":"19af7702cd909426527f4b26bf7c14fae9532978","file":"sc\/background_npc.sc"},{"sha":"fd613a48eafa4ec54ea911285b450103b32f03e9","file":"sc\/background_npc_lowres.sc"},{"sha":"ff5b47ff51fbe46a82c8ef4b2ecae6a9ef949598","file":"sc\/background_player.sc"},{"sha":"36155dde3040120387ec2dfaca01a38a4df580bb","file":"sc\/background_player_lowres.sc"},{"sha":"45f598a4f5a4585e462a56bbc4c8df9d3e5eb8db","file":"sc\/background_war.sc"},{"sha":"f982572a3d8d3b9e3b7be40489359fa194c25a0d","file":"sc\/background_war_lowres.sc"},{"sha":"00f60544bfa914046915e5cc80b413cb81d6367a","file":"sc\/buildings.sc"},{"sha":"75b3c11ae566e8de0550886adf8b4ac34d33b565","file":"sc\/buildings_lowres.sc"},{"sha":"c07ebe221878f6886a290cf6ecc27b0e196a15f8","file":"sc\/characters.sc"},{"sha":"b8d4def9b4e8523bbdc9accad48f1a1f7ba1e252","file":"sc\/characters_lowres.sc"},{"sha":"3289b7b30308014cae768b21d6b150622e749e27","file":"sc\/clouds.sc"},{"sha":"02f515c4dfa81903cff9cc16a610c2dfff5a2d21","file":"sc\/clouds_lowres.sc"},{"sha":"d452c6d576a9de89dbfe9982f89e6e543d347df9","file":"sc\/debug.sc"},{"sha":"a7dd9b2590d319135b60d5c18318189516b20023","file":"sc\/env.sc"},{"sha":"6f7669b9e0eec9d18cd4569c2667bf93f1e8a2b1","file":"sc\/info_archer.sc"},{"sha":"536b5d278a13794d3dbc15766c1b056dce949545","file":"sc\/info_archerqueen.sc"},{"sha":"7d143a6c1487e85b4efdb433bfb533826c12139e","file":"sc\/info_balloon.sc"},{"sha":"f7f50ada036805b3e0566735c04456eb3b608f00","file":"sc\/info_barbarian.sc"},{"sha":"612539c1156f8dc46516ce364518817a29cb30da","file":"sc\/info_barbarianking.sc"},{"sha":"eb5fc188f820d5f3a2c8d63b4facd110e223162c","file":"sc\/info_dragon.sc"},{"sha":"18ffbc2e06f8fa1d88190072b6c25a9ce841a7c7","file":"sc\/info_giant.sc"},{"sha":"d99260e5d7f12ab892d8ab66c02db6fc0fc63aa9","file":"sc\/info_goblin.sc"},{"sha":"e1ef319c6c92161744a8a3720acd075f3010bd3a","file":"sc\/info_golem.sc"},{"sha":"abd36ba168dc9de84c40d8f14c6fe26fe25028be","file":"sc\/info_healer.sc"},{"sha":"7089ede910bf6b886a7c12e3288be30524ce7bfb","file":"sc\/info_hogrider.sc"},{"sha":"ae38ac87daab313cb08525c0435721d5fcc621e6","file":"sc\/info_minion.sc"},{"sha":"c9c0ab1d5083fd83ecfbe1b6cf236acb24a38ed7","file":"sc\/info_pekka.sc"},{"sha":"55a4e1388d4e7fca34cc1e558146fbdb91724766","file":"sc\/info_tiny.sc"},{"sha":"202174e868e06c84d01f858fb8a2b7f49613dbbb","file":"sc\/info_valkyrie.sc"},{"sha":"cf98163f043dc8bf44a433265b7ff76cdb3b930e","file":"sc\/info_wallbreaker.sc"},{"sha":"bb1b624dbcc9a35ec75c4f239caeac6118ec3e8a","file":"sc\/info_witch.sc"},{"sha":"337c276d0a0d28e9ce2acf5b8b47dee895d5626d","file":"sc\/info_wizard.sc"},{"sha":"dc62c9cf925025a29dcc4b3e831f9023bf3a1ea2","file":"sc\/loading.sc"},{"sha":"19cb7839b990ff361b731fedc918765059366de9","file":"sc\/map.sc"},{"sha":"d71e7fb9ffa8a6e853835ee1f26088ff15148235","file":"sc\/map_lowres.sc"},{"sha":"9da9f77e6b2fe23c1c54c6eb8f2e885787ffdc20","file":"sc\/matchsearch.sc"},{"sha":"e1a3ec01eb39118535fc15c8e4da46df32655d25","file":"sc\/matchsearch_lowres.sc"},{"sha":"c86f86b35b3e5d08df553c48085060da96024b7b","file":"sc\/news.sc"},{"sha":"d14b9e7803fbd04cc7f57fe57063131c1c811c1d","file":"sc\/overlay.sc"},{"sha":"bb62a6ffea9fc6a1135201acdde6d2e3cafb3f47","file":"sc\/promo_puzzle_and_dragons.sc"},{"sha":"eafda60945199eff26286046a4499b7fc4d5741d","file":"sc\/shop.sc"},{"sha":"ddfddfeb58e18640e7421d9d1a5d70244c6e4add","file":"sc\/tutorial2.sc"},{"sha":"d40f2bf8f17354dbb4d6232f55314223872eae1d","file":"sc\/tutorial_character_neutral.sc"},{"sha":"cfc393b583c87c2ee30b5b8e13a8c20bb67f8454","file":"sc\/tutorial_characters.sc"},{"sha":"344722d6c8de45ce99d9f3e2092e7c24f7347b79","file":"sc\/ui.sc"},{"sha":"cc1e8a5c013da4ad0a202309530564b1def37f54","file":"sc\/ui_lowres.sc"},{"sha":"05252ea3a033ad7d9b14825e0f78673d91a8c68e","file":"sfx\/caf\/air_def_attack_02.caf"},{"sha":"71e3e76a6aae1ef3def90a5b9aeb9830ee6158d4","file":"sfx\/caf\/air_def_hit_02.caf"},{"sha":"931d6b3298e6eb64e1e9ef4e215eb1f312021ab6","file":"sfx\/caf\/air_def_pickup_03.caf"},{"sha":"6b7630993745e8602653a8faff874466b79cc795","file":"sfx\/caf\/air_defense_place_01.caf"},{"sha":"48658cbb72197ffeb119352b37dea11e8187f339","file":"sfx\/caf\/air_trap.caf"},{"sha":"caa6498fce924e642fee86700e0d6dba0a7689a0","file":"sfx\/caf\/alliance_build_drop_04.caf"},{"sha":"db86c65f060efbe98d9b912442895187306bbef8","file":"sfx\/caf\/alliance_build_pickup_03.caf"},{"sha":"a48eadb631e4f1f9f182bca90b72841489a0c1db","file":"sfx\/caf\/alliance_jingle_v2.caf"},{"sha":"fcc7fad765b13719fd662b80438086bd30033420","file":"sfx\/caf\/archer_death_05.caf"},{"sha":"914df97d5b26156737a92d726672c41bb45fdd58","file":"sfx\/caf\/archer_death_05v2.caf"},{"sha":"4e15e30742ae614a7abc3c0a6fd43e7642f9f229","file":"sfx\/caf\/archer_deploy_09.caf"},{"sha":"af017547a0b3f2acc46d7fd71b783e7f78df8fc6","file":"sfx\/caf\/archer_deploy_09v2.caf"},{"sha":"378cba486c0d9c2eea168563cade8a3a592fd9ac","file":"sfx\/caf\/archer_deploy_09v3.caf"},{"sha":"99f6dca90b60515b1761909246d5764299531b8c","file":"sfx\/caf\/archer_invis_01v2.caf"},{"sha":"54392d08fac26cc8735e8d30b681cddd9dec94e3","file":"sfx\/caf\/archer_queen_attack_01.caf"},{"sha":"2dc2362f8c051ec888d7bc6cda1e3d98bfb5e8b7","file":"sfx\/caf\/archer_queen_attack_02.caf"},{"sha":"8dab24375f86435f67e8844050e3104a784dd815","file":"sfx\/caf\/archer_queen_deploy_01.caf"},{"sha":"b9486c551a8d760ade8de67945e3a71dcf566cbf","file":"sfx\/caf\/archer_queen_die_01.caf"},{"sha":"61dbaee8f78ab8fd9dacbccceba26a3ae39caa8d","file":"sfx\/caf\/archer_queen_scream_01.caf"},{"sha":"1578252c0feacbe8e5a073e1da9736e8266dbe34","file":"sfx\/caf\/archer_tower_pick_01.caf"},{"sha":"e083b921db360f6f9b53e795f7aa3209c3f07388","file":"sfx\/caf\/archer_tower_place_02.caf"},{"sha":"f7931da3786b504d6c991137ca8e1e541482c62e","file":"sfx\/caf\/arrow_hit_07.caf"},{"sha":"cb9252671f0df3b96eadeb7f7cc9681af999f49f","file":"sfx\/caf\/arrow_hit_07v2.caf"},{"sha":"3e1932bdfad441a31a99695bfae9f7b618557246","file":"sfx\/caf\/arrow_hit_07v3.caf"},{"sha":"dd77559665b51560165e857e024bea115d5d90ee","file":"sfx\/caf\/arrow_hit_12.caf"},{"sha":"815c53005b478ba4d33e00e1f73100a490670d71","file":"sfx\/caf\/bad_move_06.caf"},{"sha":"240521b2fc0731c27e3038ef782ef08bf1aa1f0b","file":"sfx\/caf\/balloon_deploy_02.caf"},{"sha":"97f6ced2714a946a4cd5b50a34799bfc68444d09","file":"sfx\/caf\/balloon_die_01.caf"},{"sha":"c44ac76059a9d8e7303173ddfc7230e496f278f1","file":"sfx\/caf\/balloon_hit_01.caf"},{"sha":"7c65b56147c9166af00518688b7f9aa60a1835b4","file":"sfx\/caf\/barb_deploy_11.caf"},{"sha":"6eb5b02456441dccb88d3819a6ef786ce6f9fcb7","file":"sfx\/caf\/barb_deploy_11v2.caf"},{"sha":"f2af16cfe1a569c72de4f59ca72a6f18cfb9bb71","file":"sfx\/caf\/barb_deploy_11v3.caf"},{"sha":"5f31c39596344a0ae02c3e20f1344987e65db157","file":"sfx\/caf\/barb_king_rage_fist_01.caf"},{"sha":"41a6fb0d81a7722076e446085dc7db0f1a40c184","file":"sfx\/caf\/barbarian_death_01.caf"},{"sha":"3d3e7243dbed4695507abfaabc1a4e46d4eb71bc","file":"sfx\/caf\/barbarian_death_02.caf"},{"sha":"a753ff0088f3e5a0c84a6bcc8a442d16b893fddc","file":"sfx\/caf\/barbarian_hit_stuff.caf"},{"sha":"84effa50785c1065a3a5525971de15b590207f8d","file":"sfx\/caf\/barbarian_hit_stuff2.caf"},{"sha":"be592db3dc4df6d2f94aa55d6d48c23aca834c2a","file":"sfx\/caf\/barbarian_hit_stuff3.caf"},{"sha":"a36cc2ea6e78217b027e3045a98a43464a622fdf","file":"sfx\/caf\/barbarian_hit_stuff4.caf"},{"sha":"437977e08f1c22761e330e2bde5000f819fd03c4","file":"sfx\/caf\/barbarian_king_attack_01.caf"},{"sha":"6d2b267ff4384cc4111e2041704cc587840c7d01","file":"sfx\/caf\/barbarian_king_deploy.caf"},{"sha":"118039521ade077166f26d2467468edd702ddd7b","file":"sfx\/caf\/barbarian_king_die_01.caf"},{"sha":"412d711d88888eb4dc19e672b393132ab0f798ba","file":"sfx\/caf\/barbarian_king_scream_01.caf"},{"sha":"5a2c09453ce069157b8843a3473f56a8fa9d5fc1","file":"sfx\/caf\/barbarian_sword_swing_hit_14.caf"},{"sha":"d0a10323c660321cd289f0149550487cb898351a","file":"sfx\/caf\/barbarian_sword_swing_hit_14v2.caf"},{"sha":"5587fb7f73480f75ec660464923c327d5da7996e","file":"sfx\/caf\/barbarian_sword_swing_hit_14v3.caf"},{"sha":"15298597145cc6233190c9d511f472056e298edf","file":"sfx\/caf\/beam_up_02.caf"},{"sha":"e8e6e72571a48812bc03cf3ca7e092d8ddac5743","file":"sfx\/caf\/boarrider_attack_01.caf"},{"sha":"28d3be29cfbf1564610e573410b84cc4baeecc3e","file":"sfx\/caf\/boarrider_attack_02.caf"},{"sha":"0a6352842e54c7f8f43f856d05d367e61985d3a2","file":"sfx\/caf\/boarrider_deploy_01.caf"},{"sha":"f635e21fceb38e09754e366c1d1b29ce8463dae5","file":"sfx\/caf\/boarrider_deploy_02.caf"},{"sha":"3d989abf47b9778c8549c6775276429a1f3531dc","file":"sfx\/caf\/boarrider_die_02.caf"},{"sha":"888ba2e45140ef83ef956118a05cb2669b9634ea","file":"sfx\/caf\/bottle_break_04_lightning_01.caf"},{"sha":"d34e9e9da9100b52702f5050c3ffe887b4fbf15f","file":"sfx\/caf\/bottle_heal_magic_03.caf"},{"sha":"c63bb67681ab8b79b80f55a6941843a0d1670ce8","file":"sfx\/caf\/bottle_jump_spell_01.caf"},{"sha":"0b08459f2dadb2577aa0235293a87880e9b35b41","file":"sfx\/caf\/bottle_rage_magic_07v2.caf"},{"sha":"85364e47f970ae0a356c91994b9ce7bf15c4b332","file":"sfx\/caf\/bow_attack.caf"},{"sha":"1a92df360ccf945b9912c153aa55dd0089201990","file":"sfx\/caf\/bow_load.caf"},{"sha":"2be3742adfd85d6aaed9fce3eaa06533f58b8309","file":"sfx\/caf\/bow_out_of_ammo.caf"},{"sha":"3164ae9ccaeb2d60932ff37ec43a7ac5f778df9a","file":"sfx\/caf\/bow_pickup.caf"},{"sha":"a9408bd38ded6df0c055dc12fb664bdebf88d861","file":"sfx\/caf\/bow_place.caf"},{"sha":"afcd249780964d5b66c8f84a43fdb0c6ed7109e0","file":"sfx\/caf\/bow_target.caf"},{"sha":"c1e143f32047da6dcdae0a04d25a8a33daa18668","file":"sfx\/caf\/build_pickup_05.caf"},{"sha":"a537b11ab70d0cfae2b79d4dab3daaad513f8951","file":"sfx\/caf\/builder_hut_pickup_02.caf"},{"sha":"4775dbf4427d7d73021b9b720ea5f8dae222c012","file":"sfx\/caf\/builder_hut_place_02.caf"},{"sha":"e203b2a219781ed7795ecfeb9f22aa78c4e0067a","file":"sfx\/caf\/building_construct_07.caf"},{"sha":"6ecece92e0b1736844106e3323182598104397ff","file":"sfx\/caf\/building_destroyed_01.caf"},{"sha":"9160bfbfcf5984bab62dd199f2259805058f82d5","file":"sfx\/caf\/building_finished_01.caf"},{"sha":"114401cd05073456d5fa18b7fcae8d9773bdea97","file":"sfx\/caf\/bush2-halloween.caf"},{"sha":"032c2f7016b280076290e37bb329b1d627d4eb4d","file":"sfx\/caf\/bush2.caf"},{"sha":"ee7766fe5d66c60723c3f6719d1826ddcc007061","file":"sfx\/caf\/button_click.caf"},{"sha":"f0da18a5208d3f5a35aa448ef60020675f9ef996","file":"sfx\/caf\/cannon_08.caf"},{"sha":"5b8634b88b8ed4720d4649360f2608667f7703f0","file":"sfx\/caf\/cannon_drop2.caf"},{"sha":"ef98a1ff03fbc600fc55c116f7bc5ab5fe9c4d85","file":"sfx\/caf\/cannon_fire3.caf"},{"sha":"521010683e5daa542bbe576e8595f628b598f4b0","file":"sfx\/caf\/cannon_pickup3.caf"},{"sha":"7c775cf2ba040097929fdae0e6ae8c38a0840a43","file":"sfx\/caf\/clanwars_engaged_on_map_01small.caf"},{"sha":"a122bb31f7e0a0565e72e9e6da5d76b9c21f72d9","file":"sfx\/caf\/clear_tombstone_01.caf"},{"sha":"75fb5bea42152bd629b4127b004b45b1b6fee92e","file":"sfx\/caf\/coffin_pickup_01.caf"},{"sha":"86312260153a716a44b1c63b4ea5321f165f260b","file":"sfx\/caf\/coffin_place_01.caf"},{"sha":"bbcb479cc16b0554f57dbc05f23c97dd3ad7960f","file":"sfx\/caf\/coffin_popup_01.caf"},{"sha":"296f72ac8c90a745018ecbeb1c820c3e06e88c48","file":"sfx\/caf\/coin_steal_02.caf"},{"sha":"bc675146d977866d0855c25e1a623cf3d802d330","file":"sfx\/caf\/coins_collect_01.caf"},{"sha":"f782e6c655eadae7600ae421897fdee4c5c27321","file":"sfx\/caf\/collect_diamonds_01.caf"},{"sha":"732f1c81882b802225831651029741758202c51d","file":"sfx\/caf\/dark_drill_pickup.caf"},{"sha":"56080bcd7a22206ad52d8ccb55a45b83e35ab8f5","file":"sfx\/caf\/dark_drill_pickup_02.caf"},{"sha":"433302ddf38cf5005884a2f8b8db6c012f578203","file":"sfx\/caf\/dark_drill_place.caf"},{"sha":"32a0c2148405ab838d262a3f2bb4b55f2f7087ee","file":"sfx\/caf\/dark_drill_place_07.caf"},{"sha":"7f4ed82aa819e8e47d54a2aef033d39a87943f0c","file":"sfx\/caf\/dark_elixir_collect.caf"},{"sha":"5e26dc04f35efeedc2d77d3f4bdd8f09067fdbbe","file":"sfx\/caf\/dark_elixir_steal.caf"},{"sha":"f9b4cd868f9facf30affaef245d1b3ec02952128","file":"sfx\/caf\/dark_storage_pickup.caf"},{"sha":"45fc5da8ecd04a7f29f74e3bc60bbbcf9000552f","file":"sfx\/caf\/dark_storage_place.caf"},{"sha":"f6aace95b5ac0d8d5faa5b5872a6fb86b90c832f","file":"sfx\/caf\/darktower_noammo_02.caf"},{"sha":"1d9dd00a8f9ba94699d8b2b6e198c34084496e94","file":"sfx\/caf\/darktower_pickup_01.caf"},{"sha":"ff341a6063ac6efb165b386261bfa991d3972820","file":"sfx\/caf\/darktower_place_01.caf"},{"sha":"cb16e0145a71c90299fcd84c5175108bf8892b7b","file":"sfx\/caf\/darktower_reload_01.caf"},{"sha":"bdc81353ba2c9ac38c69a7b31b0cb93fb25e2cbc","file":"sfx\/caf\/deploy_pekka_05.caf"},{"sha":"fab1ecc6c92ae39b17519139877f9efdf0f7dc60","file":"sfx\/caf\/deploy_skeleton_07.caf"},{"sha":"413ab98e35d612f2eeca44cb3760c1999eb4bcb1","file":"sfx\/caf\/deploy_skeleton_07v2.caf"},{"sha":"a345b2243e901eff661aea04a7e2c9ffd6e8d556","file":"sfx\/caf\/deploy_skeleton_07v3.caf"},{"sha":"b151ce3995defc5c1ac9ef2d7c19056df09716f5","file":"sfx\/caf\/dragon_attack_01.caf"},{"sha":"1bf949b5bb95f73b4a74d74012dc86eabe12b3eb","file":"sfx\/caf\/dragon_deploy_01.caf"},{"sha":"d623a596a63e350e807269bb1707fbd5022d5dc0","file":"sfx\/caf\/dragon_die_01.caf"},{"sha":"901772bb9c9d641fd04b3e9ee3d37651317d119e","file":"sfx\/caf\/droid_sans_fallback.ttf"},{"sha":"cd329a951aaf9395f01f7c8d1f0c371e6f0be0bb","file":"sfx\/caf\/elixir_collect_02.caf"},{"sha":"d1778318b7a402be12651710079c6efd91849b38","file":"sfx\/caf\/elixir_pump_drop_03.caf"},{"sha":"2f0cf97527b24593c49c53d3308ac7f4aa335539","file":"sfx\/caf\/elixir_pump_pickup_07.caf"},{"sha":"a0188b3bc0ac2e8fa038b283b79a27fcda12cb91","file":"sfx\/caf\/elixir_steal_03.caf"},{"sha":"80bdcf5bfdcfa82b93321e814ecb9fbb4579b96a","file":"sfx\/caf\/elixir_storage_drop_02.caf"},{"sha":"434ff656932545b2ed612c61404027df1759ae5a","file":"sfx\/caf\/elixir_storage_pickup_04.caf"},{"sha":"fa6dbbac41f0eb615e5e352ea01cd85c5d01fb9b","file":"sfx\/caf\/explosion_02.caf"},{"sha":"1445bd14fa11d2e1ad7cb9499dc704c32c8637d8","file":"sfx\/caf\/explosive_arrow_01v2.caf"},{"sha":"6a4aadec61ab702bf232b7c844f7281de46d739e","file":"sfx\/caf\/find_clan_01.caf"},{"sha":"1f3eab445ed5f9aa9211f6ca0abc490744b992e2","file":"sfx\/caf\/flower_03.caf"},{"sha":"18e3b7fc0bf1ecb0399c54e44102e6ff71f5f139","file":"sfx\/caf\/freeze_spell_01.caf"},{"sha":"c0cd6eb6375e39a067bd4aaa77628153366bf50c","file":"sfx\/caf\/garg_attack_01.caf"},{"sha":"6e1187b271e9b3e43e0430db27cd3188e4a3f33c","file":"sfx\/caf\/garg_deploy_02.caf"},{"sha":"ea8b71d3a8abc03c4e5d025b37eb9dab3652c279","file":"sfx\/caf\/garg_die_01.caf"},{"sha":"5dd2605168830f6d471fa85324591359f58155c1","file":"sfx\/caf\/gem_boost_01.caf"},{"sha":"976804dd481cf4751f196e4d69e5f93a7a4d7626","file":"sfx\/caf\/giant_attack_05.caf"},{"sha":"78c74ad3b64130dabdb6bc19b1ae070d1c87c15b","file":"sfx\/caf\/giant_attack_06.caf"},{"sha":"1dd7117139da5cf41da7783f8ce4f224fa206e78","file":"sfx\/caf\/giant_attack_hit_01.caf"},{"sha":"a3b356e257e52e3e3bc1eabc671fa82ecaeb98bb","file":"sfx\/caf\/giant_attack_hit_02.caf"},{"sha":"c0daa8fd787e70087da1d0a7ebd4fd2531145b5c","file":"sfx\/caf\/giant_death_02.caf"},{"sha":"e2f2d280f13e29da1fd52d1d38c88e18cb8c3ad6","file":"sfx\/caf\/giant_deploy_04.caf"},{"sha":"efc25e04cbb5cba12c359fd1c6e20ffaf5b87d44","file":"sfx\/caf\/giant_deploy_04v2.caf"},{"sha":"a1d5f082f4253f5d33aea47313752ddf102a172c","file":"sfx\/caf\/giant_deploy_04v3.caf"},{"sha":"3c0e13d12a992c725d28dd5dc5a9e301efd0f7d8","file":"sfx\/caf\/gob_attack_01.caf"},{"sha":"e1a4e435628bc152362806643d8a6724341f903a","file":"sfx\/caf\/gob_attack_02.caf"},{"sha":"6c795392fb311922da25d42a5ccce747f7e9a7cb","file":"sfx\/caf\/gob_attack_03.caf"},{"sha":"d30b757e96df4f89d26f7e8ced4b3b28dac05d3d","file":"sfx\/caf\/gob_talk_woop_01.caf"},{"sha":"1f58e3982ce4ca349f5802156b6aa659f98e5d5a","file":"sfx\/caf\/goblin_death_02.caf"},{"sha":"e11de7b43db371d752221c30651a162176e500b9","file":"sfx\/caf\/goblin_deploy_14.caf"},{"sha":"dffc83c704f569851f013d1776741ca50ff75094","file":"sfx\/caf\/goblin_deploy_14v2.caf"},{"sha":"d228967e98099e48d07c538cf7b65b053db8f7b3","file":"sfx\/caf\/goblin_deploy_14v3.caf"},{"sha":"12133343326fa37b3bb47b481a5bcb4aedb36fdc","file":"sfx\/caf\/goblin_talk_2.caf"},{"sha":"46ce6845b9302fdb3094172463d0f596873d942f","file":"sfx\/caf\/goblin_talk_3.caf"},{"sha":"ffcd8bc1ffc9858e17204b4b35da4d1c2ffb310a","file":"sfx\/caf\/goblin_talk_4.caf"},{"sha":"7ef4bf9110bf89d15988c8d219778276f9eb024f","file":"sfx\/caf\/golden_haus_04.caf"},{"sha":"2b37f1ab2ebcd3ef0aae71e30c5595cc83001d76","file":"sfx\/caf\/golden_haus_drop_02.caf"},{"sha":"01916bd61f0924a8f6ab12800c0a6788f1594e39","file":"sfx\/caf\/goldmine_drop4.caf"},{"sha":"35bdbe3376ab85aa44e104a6580e425db8b883f9","file":"sfx\/caf\/goldmine_pickup4.caf"},{"sha":"d6d618bc221769e529aa93120c5972915be4db6a","file":"sfx\/caf\/healer_attack_01.caf"},{"sha":"18850de58e1f5c1b4255311f62c97f474522b184","file":"sfx\/caf\/healer_deploy_01.caf"},{"sha":"28ea7ab8ea2a182f570b8c23b5c548609ce02af4","file":"sfx\/caf\/healer_die_01.caf"},{"sha":"a5033742a9ee5a136fa331bf1a41a1821737b3ed","file":"sfx\/caf\/healer_hit_01.caf"},{"sha":"ca69d320f11561b058a89e77b659543acb79fd26","file":"sfx\/caf\/healer_hit_02.caf"},{"sha":"b164e453717f132687e9bac9636558075039b1af","file":"sfx\/caf\/hero_altar_pickup_02.caf"},{"sha":"118cb191130982469abf768aa4670fef925ff837","file":"sfx\/caf\/hero_altar_place.caf"},{"sha":"0a4abed52fcbae83f2cac1d601c2620004581303","file":"sfx\/caf\/hero_energized.caf"},{"sha":"3a84912b030564c490c0a2c7c2c27ef3f20acf86","file":"sfx\/caf\/hero_patrol.caf"},{"sha":"8375e21e2ac34fe62726cdb98761c6ad292cc18b","file":"sfx\/caf\/hero_sleep.caf"},{"sha":"e0d7157048ba68cf88a775d51eb59c4059bf023c","file":"sfx\/caf\/hero_spot_01.caf"},{"sha":"cd3906fac7772adb45326ebe2aaaf5f432521923","file":"sfx\/caf\/hero_upgrade_02.caf"},{"sha":"0cb74e083037d7d4492cf39037770244a0f66edd","file":"sfx\/caf\/laser_loop_02.caf"},{"sha":"a823c0425e138462ebfbf392904211827cfca55e","file":"sfx\/caf\/league_bonus.caf"},{"sha":"576468c89fa148d615be9e7f0d816b415184c3e9","file":"sfx\/caf\/league_demote.caf"},{"sha":"52544bdf1d40c9c040f5db9d621edb9314ed598a","file":"sfx\/caf\/league_promote.caf"},{"sha":"c90e5aa9259c3be726e7b958abc1c066ec510f3d","file":"sfx\/caf\/lightning_amb_01.caf"},{"sha":"193a1438c4c2d1181d7523cdf9fef018d3fcda19","file":"sfx\/caf\/loading_screen_jingle.caf"},{"sha":"e415b5ac75ce40cf7f2c281f405b0125f2eb9eb0","file":"sfx\/caf\/mage_attack_02.caf"},{"sha":"24ad71e455ef446c98f1d5bd5f2372e550f0de57","file":"sfx\/caf\/mage_attack_02v2.caf"},{"sha":"4e0e28c52394e541378287869c5cbd3c14459263","file":"sfx\/caf\/mage_attack_02v3.caf"},{"sha":"b491fed34e5a6837b8b9283647920e0be4e2cd26","file":"sfx\/caf\/mage_deploy_06.caf"},{"sha":"1a55466c2c1c3e79f8774747716a73c5698636ff","file":"sfx\/caf\/magic_bottle_fall_05.caf"},{"sha":"91d6d5d7b08657bf6120fd504b64d6827b0b35ff","file":"sfx\/caf\/mortar_fire_02_with_fall.caf"},{"sha":"9a9512eb1b7745df221d8eae1317af40962b880b","file":"sfx\/caf\/mortar_hit_01.caf"},{"sha":"71b14e05dcebb63a310f7a9ac0ab5dd6e9c998bf","file":"sfx\/caf\/mortar_pickup_01.caf"},{"sha":"7a8331be0e74d6c7a778e7aad2af4fa2779cd61c","file":"sfx\/caf\/mortar_place_02.caf"},{"sha":"f02f216b4079126d496877b72e6b450814eca6fb","file":"sfx\/caf\/moving_07.caf"},{"sha":"4a0de3fb07c96f78207683c1dead63587c557738","file":"sfx\/caf\/no_troops_01short.caf"},{"sha":"48f16e55f9faef48eec4e6dcc6ae3ad0c71e710f","file":"sfx\/caf\/pekka_attack_02v2.caf"},{"sha":"0edc746968ee6efbbbbba94aac151d62b134c20c","file":"sfx\/caf\/pekka_attack_hit_02.caf"},{"sha":"d8dab1abd2859fb40df1ef50189bc898e0800809","file":"sfx\/caf\/pekka_death_06.caf"},{"sha":"71b55de55b1f0f745728a9a88e7c8ff8da3f117f","file":"sfx\/caf\/rearm_jingle_01.caf"},{"sha":"d41837bcef6716a9182ec3699995f9bcfc2ee4d4","file":"sfx\/caf\/rock_pickup3.caf"},{"sha":"d63316a479510f7cdc3da2bb2f5f9eee0d4ec76f","file":"sfx\/caf\/santa.caf"},{"sha":"46df34babd2c300ae367292f3d1fbe11820d1c69","file":"sfx\/caf\/sell_item_01.caf"},{"sha":"dea03589396d19ad1b32aa198ff1236379b4129e","file":"sfx\/caf\/slimeball_fire_05.caf"},{"sha":"6b73999e0a8f07f1bece37e406d3b683a68c446d","file":"sfx\/caf\/spellfactory_pickup_01.caf"},{"sha":"750dfb604a7e064f42aca715b3a81bf0255fa8df","file":"sfx\/caf\/spellfactory_place_01.caf"},{"sha":"1a0ad18b2492425ef7138a0a701b521efa7e8e77","file":"sfx\/caf\/stone_golem_attack_01.caf"},{"sha":"76b0b90153baa72085a44f18424fe1aa7a3e149e","file":"sfx\/caf\/stone_golem_death_01.caf"},{"sha":"c590cde537355068dc0b9586591324d1146f13ee","file":"sfx\/caf\/stone_golem_deploy_01.caf"},{"sha":"76f6de7590d59e63da100a42dc0ea103147d6c77","file":"sfx\/caf\/stone_golem_hit_01.caf"},{"sha":"9c0dc94d674163e7bacc3b8988ce4ba1f28757e5","file":"sfx\/caf\/summon_attack_01.caf"},{"sha":"86ce1938de6b348907f5523b5ecd1cdbea639e06","file":"sfx\/caf\/summon_die_02.caf"},{"sha":"8b0730c61ed0b6025fe9431a9eafb2481d6ce72b","file":"sfx\/caf\/supercell_jingle.caf"},{"sha":"118f8b41cf0d1fb09c5775d8e206802b65a55eb9","file":"sfx\/caf\/tap_chest_01.caf"},{"sha":"a731d77c4412e18cba84037734c8ca1e6bb37b60","file":"sfx\/caf\/tesla_appear_01.caf"},{"sha":"a4bd26512c825bebfc09dfab9d6ee2d2596e0cca","file":"sfx\/caf\/tesla_drop_09.caf"},{"sha":"d4fca57df2323d3bf2fbdcdcf1d3a86e977b6573","file":"sfx\/caf\/tesla_hit_02.caf"},{"sha":"45aef72252729da534d4c6392c7892aa91fe5bf6","file":"sfx\/caf\/tesla_pickup_11.caf"},{"sha":"35f6b6bd59da506ffbf77278bdc7736fabe1829e","file":"sfx\/caf\/tesla_zap_01.caf"},{"sha":"789d29a45f1ff5ac8d42798e777a9eceee91af03","file":"sfx\/caf\/tesla_zap_03.caf"},{"sha":"5bd29fb763824948d65b803f6912f78ddd20dc8b","file":"sfx\/caf\/tiny_attack_04.caf"},{"sha":"378124646267d712f93991146a9cd9deafdae75e","file":"sfx\/caf\/tiny_deploy_05.caf"},{"sha":"0af2d17abdcf629c15d1f1eced88a53ec9c7f9a8","file":"sfx\/caf\/tiny_die_03.caf"},{"sha":"1b510145f73208ab47a96cf33b69d02ef103a260","file":"sfx\/caf\/tiny_hurt_02.caf"},{"sha":"8b6c78933cdd8b5bba5d3bb543d80503ff4500f2","file":"sfx\/caf\/tinymite_attack_04.caf"},{"sha":"bc9592ca259cebbce8b64c4619171ff42ae7b42f","file":"sfx\/caf\/tinymite_die_03.caf"},{"sha":"c6f9dbac65fd644f9ed861ec8468bc75ff78b98a","file":"sfx\/caf\/tinymite_hurt_01.caf"},{"sha":"52e02afd9cc8f6247c6760171cc79e4035d79bbf","file":"sfx\/caf\/town_hall_placing_04.caf"},{"sha":"3f4824c47424806c2aa3d383c806e6c02daf3ce9","file":"sfx\/caf\/training_finished_03.caf"},{"sha":"7470f875f2d460c36e6447966cea1c9399f59782","file":"sfx\/caf\/trap_eject_01v2.caf"},{"sha":"16981cbd43fdb0062573b5cdffd2db09390810b1","file":"sfx\/caf\/tree8.caf"},{"sha":"71ba9aa40a7e0d4f5be86476ce475e72af2d6fa4","file":"sfx\/caf\/troop_housing_pickup_06.caf"},{"sha":"782415f14cebff930e09f53ef489b7d8400ce398","file":"sfx\/caf\/troop_housing_pickup_09.caf"},{"sha":"1ac01d569a3aa3e0e5b046995f073912dcefca4d","file":"sfx\/caf\/troop_housing_placing_06.caf"},{"sha":"e0f7f66cf97fb7a3bd6cb33a8cc34832229df321","file":"sfx\/caf\/troop_housing_placing_08.caf"},{"sha":"cbb676b08682b1161da04e800dfaa84d2cbcc743","file":"sfx\/caf\/tutor_happy_01.caf"},{"sha":"b929b378cd92658c837c58a7b367aa384c095888","file":"sfx\/caf\/tutor_hey_01.caf"},{"sha":"897d2299cc58feb2b59392038d1e594332a97475","file":"sfx\/caf\/tutor_no_talk_woop_01.caf"},{"sha":"0ebb9d6d48fe57a249587da97d47dd89304b9eff","file":"sfx\/caf\/tutor_relief_01.caf"},{"sha":"92bc85bcb9d192bd6d601069f3ed7bcbca5b007d","file":"sfx\/caf\/tutor_talk_aha_01.caf"},{"sha":"20e28fd70d7f33d20bd715f0d14c5f6f4add3518","file":"sfx\/caf\/tutor_talk_yeah_01.caf"},{"sha":"d39a333ee16bef01ec06df3013555e347df3fd98","file":"sfx\/caf\/tutor_urgency_01.caf"},{"sha":"c88b0268b3a887dd5dff5f19782f9a98c5207cd5","file":"sfx\/caf\/tutor_urgency_02.caf"},{"sha":"a7a79254368a71b1ae2028ca765215fe9d497cd1","file":"sfx\/caf\/tutor_urgency_04.caf"},{"sha":"68132de3379d0be12e3aaf648d344464aa0b2e25","file":"sfx\/caf\/tutor_urgency_05.caf"},{"sha":"861dcb977902bac8af67d224edeb5c8b2a903d29","file":"sfx\/caf\/tutor_wow_01.caf"},{"sha":"1f4623ed843032102d93117ef3acfb7647a25f60","file":"sfx\/caf\/upfromground_05.caf"},{"sha":"9858bbcce6ef6e23fd25816c45c13afe7221325f","file":"sfx\/caf\/wall_breaker_attack_01.caf"},{"sha":"365e7c7d3077b4e2642e9c3692d6c491ad407ad1","file":"sfx\/caf\/wall_breaker_die_01.caf"},{"sha":"b3b1e1922de0285dfd0f55e8508d68060fc04e17","file":"sfx\/caf\/wall_pickup_01.caf"},{"sha":"58e0fd07471cd308a16af5a6c70d51fff6b4f04e","file":"sfx\/caf\/wall_place_01.caf"},{"sha":"6e4c464205e8d10352c682ae2b4601b26ca9586b","file":"sfx\/caf\/warriorgirl_die_01.caf"},{"sha":"a91c4a2a56ed08ac21e5acdc0ad52d40eb145099","file":"sfx\/caf\/warriorgirl_hit_01.caf"},{"sha":"06c71b15992ad9129d6651095cce8970ccc6f116","file":"sfx\/caf\/warriorgirlattack_01.caf"},{"sha":"bfc457242579b9cb109e510bc0bd2bab9122f62b","file":"sfx\/caf\/warriorgirlattack_02.caf"},{"sha":"2faca19fcc0759478236b5c2c702a5d31ca1d4a9","file":"sfx\/caf\/warriorgirldeploy_01.caf"},{"sha":"e5da46eef388a0c406c415e9e74e8b3587405109","file":"sfx\/caf\/warriorgirldeploy_02.caf"},{"sha":"7948ada3620105488dcbeb1a2156d87ab784264c","file":"sfx\/caf\/witch_deploy_01.caf"},{"sha":"7f47a8e003432ca1ae4e09f8bf35609dc6bf1cdf","file":"sfx\/caf\/witch_die_01.caf"},{"sha":"bd53363617d41f30a5e156e14665627b420b5aa8","file":"sfx\/caf\/witch_summon_01.caf"},{"sha":"4476aee9161491b95d4443f6951b32a8ea1b9cd0","file":"sfx\/caf\/wizard_die_01.caf"},{"sha":"f585c5a97339021edc5830df0c3331e17c12ec28","file":"sfx\/caf\/wizard_hit_01.caf"},{"sha":"7d3320147db9d00f6736343edb4f785545da460c","file":"sfx\/caf\/wizard_tower_drop_01.caf"},{"sha":"4255f015cab3e43749e4b4597b8bff4d456f5b35","file":"sfx\/caf\/wizard_tower_pickup_02.caf"},{"sha":"fb9abed7cf9916bea203a47e598cc94a07dc6236","file":"sfx\/caf\/xmastree.caf"},{"sha":"5962f49c74b17d4c6647ad7610366f20155de5a8","file":"sfx\/caf\/xp_gain_06.caf"},{"sha":"5843b67c7fa54e01012e497308f76073a5e11b9d","file":"sfx\/ogg\/air_def_attack_02.ogg"},{"sha":"0c962650c3fc725390d5420f304349abb5429aea","file":"sfx\/ogg\/air_def_hit_02.ogg"},{"sha":"0e9911c2a9311f356ffd7a3ffbe5a5a2e55e4503","file":"sfx\/ogg\/air_def_pickup_03.ogg"},{"sha":"5cd810c93b9a7025d010d46ad3b37ee3816d2f70","file":"sfx\/ogg\/air_defense_place_01.ogg"},{"sha":"d7e6578f8ed670cd8f37b8e4d56191bbc3f3bd37","file":"sfx\/ogg\/air_trap.ogg"},{"sha":"9e3c7d77bd531b674e33309d38419c57723ad37f","file":"sfx\/ogg\/alliance_build_drop_04.ogg"},{"sha":"e745de388411ee526356cb9ebd0e5f20a87028a6","file":"sfx\/ogg\/alliance_build_pickup_03.ogg"},{"sha":"77766d23da5df8189fb6f7bd2abb68549237f83d","file":"sfx\/ogg\/alliance_jingle_v2.ogg"},{"sha":"1d520d4981f354907042a53997d0cac6ea4773ee","file":"sfx\/ogg\/archer_death_05.ogg"},{"sha":"3867f0e6fde3dd89b5f6a10f099bc414d8a0c39e","file":"sfx\/ogg\/archer_death_05v2.ogg"},{"sha":"1cdb762c63dfe740a4c85ded994e58e8c63cd47d","file":"sfx\/ogg\/archer_deploy_09.ogg"},{"sha":"28174706d8d98dbba71e8002ce5cdf3204a9629d","file":"sfx\/ogg\/archer_deploy_09v2.ogg"},{"sha":"5cdd2acaae44f9890040872b85fc632d633b96c8","file":"sfx\/ogg\/archer_deploy_09v3.ogg"},{"sha":"799925bab63b68d31ca66b816c6a42a2b758833f","file":"sfx\/ogg\/archer_invis_01v2.ogg"},{"sha":"c388a441afe2491f083c5fee331afc6183506125","file":"sfx\/ogg\/archer_queen_attack_01.ogg"},{"sha":"2fe85c437fc31d6ba3e5d73a5d3e9c845703703f","file":"sfx\/ogg\/archer_queen_attack_02.ogg"},{"sha":"345ddd4be570e932bc85062584a6e39df2d98ef6","file":"sfx\/ogg\/archer_queen_deploy_01.ogg"},{"sha":"56063449f27811f8927c0d594654c0da2372be74","file":"sfx\/ogg\/archer_queen_die_01.ogg"},{"sha":"b395d3fc361a2082a02f237e0564c939a163d373","file":"sfx\/ogg\/archer_queen_scream_01.ogg"},{"sha":"7fb108d6be5bdaaf6257790f75904b8a2a561ebb","file":"sfx\/ogg\/archer_tower_pick_01.ogg"},{"sha":"fa54834d719f3d60182c268a3f4c067ef8967d3c","file":"sfx\/ogg\/archer_tower_place_02.ogg"},{"sha":"41d5fcbbc0781a457a8aa8f8dbad20add5ab2880","file":"sfx\/ogg\/arrow_hit_07.ogg"},{"sha":"7a8590320e6f68c84bca9fffe64911c99ed75fe1","file":"sfx\/ogg\/arrow_hit_07v2.ogg"},{"sha":"91ebd5dc256fef7561a0bc543346a272f66663cc","file":"sfx\/ogg\/arrow_hit_07v3.ogg"},{"sha":"603ff81700a612729d2b8833c694d6e4f7912ade","file":"sfx\/ogg\/arrow_hit_12.ogg"},{"sha":"daa7534a9d7d67e8312fa90fceb85b3f92bd330a","file":"sfx\/ogg\/bad_move_06.ogg"},{"sha":"e82396720c2828f0d1dcec9617907e052cbc30f8","file":"sfx\/ogg\/balloon_deploy_02.ogg"},{"sha":"78cfadd416cea7a145a982e9b5e1e268ab4f3953","file":"sfx\/ogg\/balloon_die_01.ogg"},{"sha":"5f0dae2c0fce6ef837afef35db0ed1bd9acae1b0","file":"sfx\/ogg\/balloon_hit_01.ogg"},{"sha":"473bc24003d10bf9a978f830ad71aa44285d8173","file":"sfx\/ogg\/barb_deploy_11.ogg"},{"sha":"e2221c5bcc9b945a07fe7798fe4fc1f1cb34712f","file":"sfx\/ogg\/barb_deploy_11v2.ogg"},{"sha":"e635d1fa5ce5e0248d2137573a8848dd53ba81b9","file":"sfx\/ogg\/barb_deploy_11v3.ogg"},{"sha":"b91dc4c523b0c445b3d7cf3fadcc49943a8fe784","file":"sfx\/ogg\/barb_king_rage_fist_01.ogg"},{"sha":"94da8bb97698c9319e5ee30b72c6756fe9301885","file":"sfx\/ogg\/barbarian_death_01.ogg"},{"sha":"27b31bb5611a9a9821d102e9a0580fd96a7d94b6","file":"sfx\/ogg\/barbarian_death_02.ogg"},{"sha":"7911157c130b9348caa7547256b981827e16df6e","file":"sfx\/ogg\/barbarian_hit_stuff.ogg"},{"sha":"9460a6e23dd699079fd1932a1517635c1b3dc2d1","file":"sfx\/ogg\/barbarian_hit_stuff2.ogg"},{"sha":"a944deb90a2b790bb267aa1acdb7614a554152e4","file":"sfx\/ogg\/barbarian_hit_stuff3.ogg"},{"sha":"7aaa4c13abea1de9c0e2bcfde54cbb4cde25f617","file":"sfx\/ogg\/barbarian_hit_stuff4.ogg"},{"sha":"4e9c8e6f89efd7b8498b491a2d223298a4f7d60c","file":"sfx\/ogg\/barbarian_king_attack_01.ogg"},{"sha":"aed4f27f12ab824f27c200219d153182decbd5b4","file":"sfx\/ogg\/barbarian_king_deploy.ogg"},{"sha":"68bff8653c7c826f40d912264fa1956f37761dc5","file":"sfx\/ogg\/barbarian_king_die_01.ogg"},{"sha":"c8ee328dd7098b48a3512f71c1c23b4a6b1e6ace","file":"sfx\/ogg\/barbarian_king_scream_01.ogg"},{"sha":"0effeea3d4a83086805c53bbd91f4e0261e668d4","file":"sfx\/ogg\/barbarian_sword_swing_hit_14.ogg"},{"sha":"bab0b178cf86a553990c57f756f89c19edb3f107","file":"sfx\/ogg\/barbarian_sword_swing_hit_14v2.ogg"},{"sha":"c3923b9456a17ec3cd824b4be06c16fd77f84749","file":"sfx\/ogg\/barbarian_sword_swing_hit_14v3.ogg"},{"sha":"232588270d4254ed7d331aa0024e3fad5014e07f","file":"sfx\/ogg\/beam_up_02.ogg"},{"sha":"59e7d15e773f28bf432b33889d52ee46d6569f78","file":"sfx\/ogg\/boarrider_attack_01.ogg"},{"sha":"291c79b73346da2d2dd26095a8f76f91a920152e","file":"sfx\/ogg\/boarrider_attack_02.ogg"},{"sha":"3616888f25ea32bf95e21086e20935f08f8a0b31","file":"sfx\/ogg\/boarrider_deploy_01.ogg"},{"sha":"b789c092637777a5ae0a8136b562a298dcddedbf","file":"sfx\/ogg\/boarrider_deploy_02.ogg"},{"sha":"67ef6496c674d363209c2542cbf4b20f99b379e5","file":"sfx\/ogg\/boarrider_die_02.ogg"},{"sha":"8da9d29d5ca0ba0ff46416fddcd6b33ac5aa455f","file":"sfx\/ogg\/bottle_break_04_lightning_01.ogg"},{"sha":"b5cc483369c86ceb65ef2dda61743a8698146af0","file":"sfx\/ogg\/bottle_heal_magic_03.ogg"},{"sha":"21351d15af44cb615dbd46b122b4a903c7568fa1","file":"sfx\/ogg\/bottle_jump_spell_01.ogg"},{"sha":"6e0739ba4ae945cc718d4d11d6f2c809d966eb4a","file":"sfx\/ogg\/bottle_rage_magic_07v2.ogg"},{"sha":"78b8627090cca4a2f4dffa9a4337bb19799ea55d","file":"sfx\/ogg\/bow_attack.ogg"},{"sha":"af5480c1a58af4552ab5b630f38e0f6dffd65053","file":"sfx\/ogg\/bow_load.ogg"},{"sha":"82d7260b6edf1d21dff7ae3124f12b08e5145c81","file":"sfx\/ogg\/bow_out_of_ammo.ogg"},{"sha":"4b90a77122ae04e015cc32965725148947131af2","file":"sfx\/ogg\/bow_pickup.ogg"},{"sha":"be410ee6c3969c5a30e2ea73c3816c488d56f56a","file":"sfx\/ogg\/bow_place.ogg"},{"sha":"0bb121e19c82dec6e36bb6f483dfad78248c3914","file":"sfx\/ogg\/bow_target.ogg"},{"sha":"302bb04ac33656461f5865a22c1ba5565e0fe446","file":"sfx\/ogg\/build_pickup_05.ogg"},{"sha":"f8feac1371dba4f84480b11843528eac8fcfea0e","file":"sfx\/ogg\/builder_hut_pickup_02.ogg"},{"sha":"c2acc2a569e7c3ebaadbd61cc2d6c12bb4449089","file":"sfx\/ogg\/builder_hut_place_02.ogg"},{"sha":"e7f8d05af260e0987bdbe756eaea0ba37b365107","file":"sfx\/ogg\/building_construct_07.ogg"},{"sha":"d976f3132ef63085c1064a4b55423f766a2617d8","file":"sfx\/ogg\/building_destroyed_01.ogg"},{"sha":"67c4354c5732d438dbf200ed4f6c6e487feee69d","file":"sfx\/ogg\/building_finished_01.ogg"},{"sha":"dee3fe897fbf53d985c1ffa743cffd266c99c43b","file":"sfx\/ogg\/bush2-halloween.ogg"},{"sha":"c341c76060fe90573951ab0d6e3684162e3bcd60","file":"sfx\/ogg\/bush2.ogg"},{"sha":"2c03e42e2b9eac5cb5e25d124c51662b033abb30","file":"sfx\/ogg\/button_click.ogg"},{"sha":"96b54e19364b111f8172588fb5208510596d5b86","file":"sfx\/ogg\/cannon_08.ogg"},{"sha":"717db1742c4febf859f5a793fa30b0cdde6d3408","file":"sfx\/ogg\/cannon_drop2.ogg"},{"sha":"017321ec834375de698c2b84ca4d63d0234ac998","file":"sfx\/ogg\/cannon_fire3.ogg"},{"sha":"6a00e5d3346a0756747fe4bc618f6f62fb0f2d13","file":"sfx\/ogg\/cannon_pickup3.ogg"},{"sha":"df39c44e62571d400a3b02472de8d30901131a4f","file":"sfx\/ogg\/clanwars_engaged_on_map_01small.ogg"},{"sha":"3deecea3c9a2408b61abf9397de9c94230e28b62","file":"sfx\/ogg\/clear_tombstone_01.ogg"},{"sha":"fcd0d357444284813c1f07a9749ac7e324e4583c","file":"sfx\/ogg\/coffin_pickup_01.ogg"},{"sha":"2dbf9b7d07ceac4a762aee47253cd815a8a1183a","file":"sfx\/ogg\/coffin_place_01.ogg"},{"sha":"35ede76a93cec0b844c70a5aa7e0778456fc5983","file":"sfx\/ogg\/coffin_popup_01.ogg"},{"sha":"0b144818e635e940b27dd5e375bcd9e8069c9abd","file":"sfx\/ogg\/coin_steal_02.ogg"},{"sha":"36ebdd55f49c7c5ae7c991febb92cd451df1e2e4","file":"sfx\/ogg\/coins_collect_01.ogg"},{"sha":"59a45641e8cbf72e9a5b86312641cc5b9757e37d","file":"sfx\/ogg\/collect_diamonds_01.ogg"},{"sha":"d4b3278f25939dc920772de4733cbb7618b659cd","file":"sfx\/ogg\/dark_drill_pickup.ogg"},{"sha":"e547e28c3da092b6bd62ed5b022c9a47ff05f481","file":"sfx\/ogg\/dark_drill_pickup_02.ogg"},{"sha":"a79c58cfac70e1c2177e38bf90c11b5bb84a6c34","file":"sfx\/ogg\/dark_drill_place.ogg"},{"sha":"91e404f70cbc7ee67fa20a992b541cf55f129830","file":"sfx\/ogg\/dark_drill_place_07.ogg"},{"sha":"82a578fd62bfb0923ca635f8f0a423c42ce2b644","file":"sfx\/ogg\/dark_elixir_collect.ogg"},{"sha":"e1c3e3685c4f36f2a82c6d2031eb5ec2f6895a4b","file":"sfx\/ogg\/dark_elixir_steal.ogg"},{"sha":"b64a10d49863e723c62cd53dcc261f5fa324496c","file":"sfx\/ogg\/dark_storage_pickup.ogg"},{"sha":"78f06803cca9cdf16fb5e314ed94efa351fd71bf","file":"sfx\/ogg\/dark_storage_place.ogg"},{"sha":"4cb0e0e6839183da50d8ae5be12b71e7190242d6","file":"sfx\/ogg\/darktower_noammo_02.ogg"},{"sha":"500d23742a2f77b44ab4c3d78b0dc7f0342f87d9","file":"sfx\/ogg\/darktower_pickup_01.ogg"},{"sha":"1ad83b19e41f273cc87d316425e1653a651d85b3","file":"sfx\/ogg\/darktower_place_01.ogg"},{"sha":"827e77b3ba6bde345d433461c114b08b4fcf5c30","file":"sfx\/ogg\/darktower_reload_01.ogg"},{"sha":"5cc9a21117ba5c391e0651578486843d21c618b9","file":"sfx\/ogg\/deploy_pekka_05.ogg"},{"sha":"64b5c977f9c3a326aad3c1f68a9edb0c4da35a73","file":"sfx\/ogg\/deploy_skeleton_07.ogg"},{"sha":"fc16daeffe97c59056f714c6ac8cec150695cd58","file":"sfx\/ogg\/deploy_skeleton_07v2.ogg"},{"sha":"84fe4bbe9d3df9e51facbaedbab3d91bd77dfd19","file":"sfx\/ogg\/deploy_skeleton_07v3.ogg"},{"sha":"d61e34d9a8962b0f1c047f70aa81386c3bf6191c","file":"sfx\/ogg\/dragon_attack_01.ogg"},{"sha":"bd0e959b19e6972cca95e758617d654295e217be","file":"sfx\/ogg\/dragon_deploy_01.ogg"},{"sha":"73957df04817fcd3fd6b8fc00e849188e1ead5b0","file":"sfx\/ogg\/dragon_die_01.ogg"},{"sha":"6cd99db7dde8c67e0446f63c23fd8ce62de08789","file":"sfx\/ogg\/elixir_collect_02.ogg"},{"sha":"b7cfca22d3e705ce7b18c3c45b8d6c8cb7171cf3","file":"sfx\/ogg\/elixir_pump_drop_03.ogg"},{"sha":"e39c84e8e4f59bbbab7d5f38d0dafba6c93c4799","file":"sfx\/ogg\/elixir_pump_pickup_07.ogg"},{"sha":"ee2efadb8f5f19a1c2a241aba25530855a2debd3","file":"sfx\/ogg\/elixir_steal_03.ogg"},{"sha":"118ca9443f317dcbceec85266ceb07e0c757a690","file":"sfx\/ogg\/elixir_storage_drop_02.ogg"},{"sha":"d44f925449e60bccf99f427c9408c359265901a3","file":"sfx\/ogg\/elixir_storage_pickup_04.ogg"},{"sha":"898440bd26bbf953c126ddba719e7dbb0272fe30","file":"sfx\/ogg\/explosion_02.ogg"},{"sha":"d604d7468f894e88d6d29386206d7a03ad79568c","file":"sfx\/ogg\/explosive_arrow_01v2.ogg"},{"sha":"14653ba36bddd02e0b17c60a2e851266117b8fff","file":"sfx\/ogg\/find_clan_01.ogg"},{"sha":"efc841c21a4130d5606a60132a283060e90a70ca","file":"sfx\/ogg\/flower_03.ogg"},{"sha":"29d0a634e9dd237ced6d0d070ca031358a0091f4","file":"sfx\/ogg\/freeze_spell_01.ogg"},{"sha":"729f36f32f185c169ba04a44ece2d64dba937afc","file":"sfx\/ogg\/garg_attack_01.ogg"},{"sha":"476c33c1c2df0285d6fd00d8ccf5c1645f7aa3f4","file":"sfx\/ogg\/garg_deploy_02.ogg"},{"sha":"b091f88153c82569a8bf90b5ac79e088e49fdb74","file":"sfx\/ogg\/garg_die_01.ogg"},{"sha":"5d4e63fa165919342d78e79cd823dd5d26f484ef","file":"sfx\/ogg\/gem_boost_01.ogg"},{"sha":"0e5b558fed1c1deaf91bfe37e2fc5f1b04f68667","file":"sfx\/ogg\/giant_attack_05.ogg"},{"sha":"bfe1ee606d9a962df367fec7809df109c5627c4c","file":"sfx\/ogg\/giant_attack_06.ogg"},{"sha":"609fe9b385896f14480cdb957822c32dd8cf57ce","file":"sfx\/ogg\/giant_attack_hit_01.ogg"},{"sha":"ed7421983488d0500bcd02ce421a9d277217e516","file":"sfx\/ogg\/giant_attack_hit_02.ogg"},{"sha":"7580e9cc779725425c876a729aea5ae5b8ea6dc6","file":"sfx\/ogg\/giant_death_02.ogg"},{"sha":"4e95a6f9c896a1c70a24647f4497ff87b60d5292","file":"sfx\/ogg\/giant_deploy_04.ogg"},{"sha":"feeaa8609c4f3a064e52db584d7f13b4ffda7663","file":"sfx\/ogg\/giant_deploy_04v2.ogg"},{"sha":"ae51cc3acf3ecbd63c0a0dc0f0e4c4d0744513f6","file":"sfx\/ogg\/giant_deploy_04v3.ogg"},{"sha":"49ca82bd5ba7e63e31648a9ea4a3f0b8722b0218","file":"sfx\/ogg\/gob_attack_01.ogg"},{"sha":"3d9c0a688db97f67529a494673849f63ace57d87","file":"sfx\/ogg\/gob_attack_02.ogg"},{"sha":"d83ea2d9f8c52e20b389870b00e21a65e8433f26","file":"sfx\/ogg\/gob_attack_03.ogg"},{"sha":"374d0a79d4bbe7e93399dc5e5a667e89c511d9c8","file":"sfx\/ogg\/gob_talk_woop_01.ogg"},{"sha":"6410b36ce590d7e07ab6d359dd9b5cb30e02c2bd","file":"sfx\/ogg\/goblin_death_02.ogg"},{"sha":"ff0fbb22af47d30f562443d117034ff7f4183978","file":"sfx\/ogg\/goblin_deploy_14.ogg"},{"sha":"7125bbaf5fe99164ce41489899ff672b7a6006af","file":"sfx\/ogg\/goblin_deploy_14v2.ogg"},{"sha":"fb7f9202b690c2265cda002ce1c6eabba45ca5b0","file":"sfx\/ogg\/goblin_deploy_14v3.ogg"},{"sha":"7956adb64bd9e0d746a2b108b1b26ee942c1b077","file":"sfx\/ogg\/goblin_talk_2.ogg"},{"sha":"4d18b97021087b9a7983fac821121bbb962b3a4c","file":"sfx\/ogg\/goblin_talk_3.ogg"},{"sha":"f26da6d5fe69c3b3ce99ec345fcf0be0117050ee","file":"sfx\/ogg\/goblin_talk_4.ogg"},{"sha":"b362f36ff9754477e6d3e729220c0301ce638ea5","file":"sfx\/ogg\/golden_haus_04.ogg"},{"sha":"5bf5df1e5964e4d17c70986b82cd15a348fc5099","file":"sfx\/ogg\/golden_haus_drop_02.ogg"},{"sha":"d21f60c5c91c925c4771cae7fb6ccce63c18f30e","file":"sfx\/ogg\/goldmine_drop4.ogg"},{"sha":"b51687409d678316d1874d42367072381d4ce445","file":"sfx\/ogg\/goldmine_pickup4.ogg"},{"sha":"bbab3d1868f135919ea7029ac307722c752d11e3","file":"sfx\/ogg\/healer_attack_01.ogg"},{"sha":"9dbac59a5aacea6a2b5446878c3b87ae6965939d","file":"sfx\/ogg\/healer_deploy_01.ogg"},{"sha":"bf0499aaefc8426621ae217870186a73fe77e73e","file":"sfx\/ogg\/healer_die_01.ogg"},{"sha":"7c46c7cb0a59a6ad7efdb2047633a6717462089b","file":"sfx\/ogg\/healer_hit_01.ogg"},{"sha":"4c3edce5602df3cdef8c37431383623d68bf2ff4","file":"sfx\/ogg\/healer_hit_02.ogg"},{"sha":"9f2b5212e260e76e68dd9c3e9a74f1fd96d60586","file":"sfx\/ogg\/hero_altar_pickup_02.ogg"},{"sha":"26358d10f256427bbf6d418c9168905d7f46448b","file":"sfx\/ogg\/hero_altar_place.ogg"},{"sha":"3452f2e979d5fae9c4c851a21f881667c659bd3e","file":"sfx\/ogg\/hero_energized.ogg"},{"sha":"978384b738e83926eb000518f8cb2889ae07c86c","file":"sfx\/ogg\/hero_patrol.ogg"},{"sha":"af813e26c82e2c604522de42f102a801035f3d7a","file":"sfx\/ogg\/hero_sleep.ogg"},{"sha":"eb001b1007dcc8bc149b12642b61e5ce95b291a1","file":"sfx\/ogg\/hero_spot_01.ogg"},{"sha":"1001c43e6e29a54ae4a53181411e18c5ba802e27","file":"sfx\/ogg\/hero_upgrade_02.ogg"},{"sha":"122bca1bee3298f9c1e4e4df0722871010857b0d","file":"sfx\/ogg\/laser_loop_02.ogg"},{"sha":"b912b0566375b45889b476465ca2a0ba968cf9eb","file":"sfx\/ogg\/league_bonus.ogg"},{"sha":"efe01af66a0143242a4d27b16cfce330a77c6f5e","file":"sfx\/ogg\/league_demote.ogg"},{"sha":"5ecaa27bd8e0ff49c9435891375f99c04719e746","file":"sfx\/ogg\/league_promote.ogg"},{"sha":"968bf1b30a632665834b6f7713ffe1583c545ae6","file":"sfx\/ogg\/lightning_amb_01.ogg"},{"sha":"25764ddeff42fac977e3319c3607c203dfa0c18f","file":"sfx\/ogg\/loading_screen_jingle.ogg"},{"sha":"5aafe4378c3711136466377a34467c56df75252b","file":"sfx\/ogg\/mage_attack_02.ogg"},{"sha":"4f1bab102a366f7666efd4e030041eca1c06e219","file":"sfx\/ogg\/mage_attack_02v2.ogg"},{"sha":"26ad89e4b45b1425dc7f42bce965b5ce04f9f416","file":"sfx\/ogg\/mage_attack_02v3.ogg"},{"sha":"39de0fa16ece7934326297a0ee4a503c53f516a6","file":"sfx\/ogg\/mage_deploy_06.ogg"},{"sha":"8a2c0848ddc56965058371b06c65599e222d8b44","file":"sfx\/ogg\/magic_bottle_fall_05.ogg"},{"sha":"13a42d90151ab51e476200c615547c597ddea298","file":"sfx\/ogg\/mortar_fire_02_with_fall.ogg"},{"sha":"1c1bec6d75c4c51d19842a1388ec07ac765ab83d","file":"sfx\/ogg\/mortar_hit_01.ogg"},{"sha":"c4a50aa6e32605a94566559af0a2a50ccc81fc87","file":"sfx\/ogg\/mortar_pickup_01.ogg"},{"sha":"fcd620ac15a9056133c377ca1917875db0a10536","file":"sfx\/ogg\/mortar_place_02.ogg"},{"sha":"ff6d75985f86e61cbeeddd3595cb427d355140bd","file":"sfx\/ogg\/moving_07.ogg"},{"sha":"f78106348489cd077a3d0089d80c6bb9af1fe267","file":"sfx\/ogg\/no_troops_01short.ogg"},{"sha":"a753bc67aaaaaa98220a405443e1f0996d8198f6","file":"sfx\/ogg\/pekka_attack_02v2.ogg"},{"sha":"1a1c71a2d0f9f0008334dca9f3cd22fb27fe2828","file":"sfx\/ogg\/pekka_attack_hit_02.ogg"},{"sha":"b7b572cbfd22eb927d150bf36cb4e3925c55f5e0","file":"sfx\/ogg\/pekka_death_06.ogg"},{"sha":"9327e96485c7d5f5e2e54f2824eb5edae2af8b03","file":"sfx\/ogg\/rearm_jingle_01.ogg"},{"sha":"19da5842f6e15effd001f1bce518a06a2136cc98","file":"sfx\/ogg\/rock_pickup3.ogg"},{"sha":"bb0638b3afff33cc46daa1612a5d0350d82ffbcd","file":"sfx\/ogg\/santa.ogg"},{"sha":"281a146ce2e989a67256f431f3c342d208cd5730","file":"sfx\/ogg\/sell_item_01.ogg"},{"sha":"2d07f8761d5aa5b23019b36c24ea305b990b36c7","file":"sfx\/ogg\/slimeball_fire_05.ogg"},{"sha":"1d176baa591b8da9db5151f49140e27a22b3a979","file":"sfx\/ogg\/spellfactory_pickup_01.ogg"},{"sha":"2871f510dd4cbb280a97f0aa7d81bf8a12765c8d","file":"sfx\/ogg\/spellfactory_place_01.ogg"},{"sha":"dbfd00f2f25523dadd8add8b226261862a0a40ea","file":"sfx\/ogg\/stone_golem_attack_01.ogg"},{"sha":"7efe73cef833557e562e52d862b44f7b8e0b2c14","file":"sfx\/ogg\/stone_golem_death_01.ogg"},{"sha":"d785448d0c3384d03ee5df58213a130e19c07e00","file":"sfx\/ogg\/stone_golem_deploy_01.ogg"},{"sha":"7d3ca3d51a2570360f053546508e5fc807ddd5a8","file":"sfx\/ogg\/stone_golem_hit_01.ogg"},{"sha":"558b3859562c56b109b5fd71ed3eb9e21017e511","file":"sfx\/ogg\/summon_attack_01.ogg"},{"sha":"be01d9d45fb13c29b1f5985e35c5f65794cebc19","file":"sfx\/ogg\/summon_die_02.ogg"},{"sha":"2248c41c6d9033b3a2bbd7f39a125572434b1017","file":"sfx\/ogg\/supercell_jingle.ogg"},{"sha":"fe5b7c0059146e55dec99aee5148655fe1bd8e01","file":"sfx\/ogg\/tap_chest_01.ogg"},{"sha":"f620e1dda94abaaa2f279d6c7339a1ede00c2180","file":"sfx\/ogg\/tesla_appear_01.ogg"},{"sha":"ee54ca480c2db03a6796bbe6b57a7711f60ee95b","file":"sfx\/ogg\/tesla_drop_09.ogg"},{"sha":"b8b0a1a15b9cbf4d2c7df6537693bb5f14b8c90b","file":"sfx\/ogg\/tesla_hit_02.ogg"},{"sha":"9ffc731dcf55072a2b4f04784726d18d576a78af","file":"sfx\/ogg\/tesla_pickup_11.ogg"},{"sha":"825ffa4e14b47db10f4b351819be60c28a033884","file":"sfx\/ogg\/tesla_zap_01.ogg"},{"sha":"6ef6cbc38a944d5dc50366409f3f5b393230970b","file":"sfx\/ogg\/tesla_zap_03.ogg"},{"sha":"4f40197ac620e4ce2e16991511465d8227b028c3","file":"sfx\/ogg\/tiny_attack_04.ogg"},{"sha":"1118f5a8d18efc71cf78c51fc02c16b5d53ded8c","file":"sfx\/ogg\/tiny_deploy_05.ogg"},{"sha":"c8a33aacd069b17634509141ae0547bf5b1d463c","file":"sfx\/ogg\/tiny_die_03.ogg"},{"sha":"3c58c5524b7b4abf93398c9a96536f77a2834b29","file":"sfx\/ogg\/tiny_hurt_02.ogg"},{"sha":"37359b2559aec46a17825a5aaf46661c7bb3caac","file":"sfx\/ogg\/tinymite_attack_04.ogg"},{"sha":"d687e94621f5431f86c7b741c01345cebcd90c33","file":"sfx\/ogg\/tinymite_die_03.ogg"},{"sha":"e56e46aa8d67a79882972fe89583a8e5fc072874","file":"sfx\/ogg\/tinymite_hurt_01.ogg"},{"sha":"778d56c27d2eb1c8c63e74bc41ce21ed45d9da46","file":"sfx\/ogg\/town_hall_placing_04.ogg"},{"sha":"732e890fcf6b4fa461a72d7362133a27e47bed8f","file":"sfx\/ogg\/training_finished_03.ogg"},{"sha":"ca433450c77565d4b05f7844a7c39c249ef63329","file":"sfx\/ogg\/trap_eject_01v2.ogg"},{"sha":"61edbaa3a5f7be927365b9609cbcc816cd7e1286","file":"sfx\/ogg\/tree8.ogg"},{"sha":"f3564724c217df887a1f8fdbad99ea8bfe0ada58","file":"sfx\/ogg\/troop_housing_pickup_06.ogg"},{"sha":"4ea5f0e2e0cfc897865330b4e336db8c6c3834ce","file":"sfx\/ogg\/troop_housing_pickup_09.ogg"},{"sha":"07eb5b07bbf3a7b2ac8a69dae6ecb0626e5c612c","file":"sfx\/ogg\/troop_housing_placing_06.ogg"},{"sha":"2a303086a4e07e9bf31e25c44d0b80d70f901d5a","file":"sfx\/ogg\/troop_housing_placing_08.ogg"},{"sha":"e9d5145ee42df998f19dd3aabae3934f125351d4","file":"sfx\/ogg\/tutor_happy_01.ogg"},{"sha":"e0c7427650518ae14504ac1b5aa7a5e6ec06c718","file":"sfx\/ogg\/tutor_hey_01.ogg"},{"sha":"14ab6e240a6f44c2b8263989a9cbba816be80911","file":"sfx\/ogg\/tutor_no_talk_woop_01.ogg"},{"sha":"f4b85d955e5276c85068345cedda4a9a4b89cc98","file":"sfx\/ogg\/tutor_relief_01.ogg"},{"sha":"ee1166cbaced3405e03e636ebd5b85ba72eaa361","file":"sfx\/ogg\/tutor_talk_aha_01.ogg"},{"sha":"64134e4545a4ffb24d50c93a54cc2e3d341f33e7","file":"sfx\/ogg\/tutor_talk_yeah_01.ogg"},{"sha":"34fe8b0cf07e921e574b26708c6807ab83ae34b8","file":"sfx\/ogg\/tutor_urgency_01.ogg"},{"sha":"6e9c09283a691732d5c98432f97922fe08d91964","file":"sfx\/ogg\/tutor_urgency_02.ogg"},{"sha":"8558f04311fed8bc79d710afd430706a6fc636c4","file":"sfx\/ogg\/tutor_urgency_04.ogg"},{"sha":"1b772c3dcd949816c69c0f7f5c875f1e5a74a730","file":"sfx\/ogg\/tutor_urgency_05.ogg"},{"sha":"3080b05c310f6bfd27e53549d277ecc4ac28e86a","file":"sfx\/ogg\/tutor_wow_01.ogg"},{"sha":"cf6c643a2be8a1cd13dff5f465f942f3dc56c994","file":"sfx\/ogg\/upfromground_05.ogg"},{"sha":"72f6efabd385a987e2701302cb4453713d72fb99","file":"sfx\/ogg\/wall_breaker_attack_01.ogg"},{"sha":"0378aa018e9233cdcf4799a61da1bf2ad89b07e9","file":"sfx\/ogg\/wall_breaker_die_01.ogg"},{"sha":"0db405139b6eed604e739aae3fb3355ab22f8c3f","file":"sfx\/ogg\/wall_pickup_01.ogg"},{"sha":"b10b1b21d0ae74bdcc7e249b23c7d0e4bd0072f6","file":"sfx\/ogg\/wall_place_01.ogg"},{"sha":"1fe6407fe998e1351d984a93c5cdda071257976c","file":"sfx\/ogg\/warriorgirl_die_01.ogg"},{"sha":"4f163941536a4f0b68bb3a3faecff34379d3e629","file":"sfx\/ogg\/warriorgirl_hit_01.ogg"},{"sha":"8ed40882192e1a936265de7d2780c85b587a4a3a","file":"sfx\/ogg\/warriorgirlattack_01.ogg"},{"sha":"f1bcc6000cc698794db3157c22a0980760b2502b","file":"sfx\/ogg\/warriorgirlattack_02.ogg"},{"sha":"391f41b112bc9e723a92c3b730e2dfb44979c8d0","file":"sfx\/ogg\/warriorgirldeploy_01.ogg"},{"sha":"205bb3e938bae227c9ee1c6023ff2d5d6e9416e1","file":"sfx\/ogg\/warriorgirldeploy_02.ogg"},{"sha":"d4c6c5b336d28d2bb4c1ae1204db0e5a21fdd4ef","file":"sfx\/ogg\/witch_deploy_01.ogg"},{"sha":"596f14db486fa59b74ff6277fc4e46f76b148a9c","file":"sfx\/ogg\/witch_die_01.ogg"},{"sha":"21804f4694bb18b86ea5390d611c71fc3bb258f8","file":"sfx\/ogg\/witch_summon_01.ogg"},{"sha":"4c5106116638cab6e342e7a8f1dc43af014461c0","file":"sfx\/ogg\/wizard_die_01.ogg"},{"sha":"085fdc980511b316a2c87974ce1e8c3e99872242","file":"sfx\/ogg\/wizard_hit_01.ogg"},{"sha":"7ee0be52111c6896ddf10162dfc10afa79348d43","file":"sfx\/ogg\/wizard_tower_drop_01.ogg"},{"sha":"29b2344b6258fb656eb8c5042c2d90d5dd0531b8","file":"sfx\/ogg\/wizard_tower_pickup_02.ogg"},{"sha":"6e3c6e5e55a088ca882b52142ca82d60fadc0500","file":"sfx\/ogg\/xmastree.ogg"},{"sha":"8e848c110bc5d2a847ceebe1a92a0ebbf8c9d9a4","file":"sfx\/ogg\/xp_gain_06.ogg"}],"sha":"2da401b1ff48b89808a96a80f80e7e28f7b77783","version":"6.407.1"}