"Name","NumberValue","BooleanValue","TextValue","NumberArray","StringArray","AltStringArray","AndroidNumberValue","AndroidBooleanValue","AndroidTextValue","AndroidNumberArrayValue","AndroidStringArrayValue","AndroidAltStringArray"
"String","int","boolean","string","int","String","String","int","boolean","string","int","String","String"
"SPEED_UP_DIAMOND_COST_1_MIN",1,,,,,,,,,,,
"SPEED_UP_DIAMOND_COST_1_HOUR",20,,,,,,,,,,,
"SPEED_UP_DIAMOND_COST_24_HOURS",260,,,,,,,,,,,
"SPEED_UP_DIAMOND_COST_1_WEEK",1000,,,,,,,,,,,
"ALLIANCE_CREATE_RESOURCE",,,"Gold",,,,,,,,,
"ALLIANCE_CREATE_COST",40000,,,,,,,,,,,
"OBSTACLE_RESPAWN_SECONDS",28800,,,,,,,,,,,
"OBSTACLE_COUNT_MAX",40,,,,,,,,,,,
"ALLIANCE_TROOP_REQUEST_COOLDOWN",1200,,,,,,,,,,,
"MAX_TROOP_DONATION_COUNT",5,,,,,,,,,,,
"NEWBIE_SHIELD_HOURS",72,,,,,,,,,,,
"LOW_SHIELD_LIMIT_PERCENTAGE",60,,,,,,,,,,,
"MEDIUM_SHIELD_LIMIT_PERCENTAGE",10,,,,,,,,,,,
"NEWBIE_PROTECTION_EXP_LEVEL",2,,,,,,,,,,,
"STARTING_DIAMONDS",500,,,,,,,,,,,
"STARTING_GOLD",750,,,,,,,,,,,
"STARTING_ELIXIR",750,,,,,,,,,,,
"WORKER_COST_2ND",250,,,,,,,,,,,
"WORKER_COST_3RD",500,,,,,,,,,,,
"WORKER_COST_4TH",1000,,,,,,,,,,,
"WORKER_COST_5TH",2000,,,,,,,,,,,
"RESOURCE_DIAMOND_COST_100",1,,,,,,,,,,,
"RESOURCE_DIAMOND_COST_1000",5,,,,,,,,,,,
"RESOURCE_DIAMOND_COST_10000",25,,,,,,,,,,,
"RESOURCE_DIAMOND_COST_100000",125,,,,,,,,,,,
"RESOURCE_DIAMOND_COST_1000000",600,,,,,,,,,,,
"RESOURCE_DIAMOND_COST_10000000",3000,,,,,,,,,,,
"DARK_ELIXIR_DIAMOND_COST_1",1,,,,,,,,,,,
"DARK_ELIXIR_DIAMOND_COST_10",5,,,,,,,,,,,
"DARK_ELIXIR_DIAMOND_COST_100",25,,,,,,,,,,,
"DARK_ELIXIR_DIAMOND_COST_1000",125,,,,,,,,,,,
"DARK_ELIXIR_DIAMOND_COST_10000",600,,,,,,,,,,,
"DARK_ELIXIR_DIAMOND_COST_100000",3000,,,,,,,,,,,
"RESOURCE_PRODUCTION_LOOT_PERCENTAGE",50,,,,,,,,,,,
"TOWN_HALL_LOOT_PERCENTAGE",100,,,,,,,,,,,
"NEWBIE_PROTECTION_LEVEL",1,,,,,,,,,,,
"ATTACK_LENGTH_SEC",180,,,,,,,,,,,
"ATTACK_PREPARATION_LENGTH_SEC",30,,,,,,,,,,,
"OVERLAY_ENABLED",,"TRUE",,,,,,,,,,
"CLAN_CASTLE_RADIUS",13,,,,,,,,,,,
"MIN_PURCHASED_DIAMONDS_NO_ADS",14000,,,,,,,,,,,
"LOW_SHIELD_STAR_LIMIT",1,,,,,,,,,,,
"MEDIUM_SHIELD_STAR_LIMIT",3,,,,,,,,,,,
"CLAN_TOURNAMENT_ENABLED",,"TRUE",,,,,,,,,,
"ALLIANCE_SCORE_CONTRIBUTION_PERCENTAGE",,,,50,,,,,,,,
,,,,25,,,,,,,,
,,,,12,,,,,,,,
,,,,10,,,,,,,,
,,,,3,,,,,,,,
"SCORE_MULTIPLIER_ON_ATTACK_LOSE",2,,,,,,,,,,,
"HIDDEN_BUILDING_APPEAR_DESTRUCTION_PERCENTAGE",50,,,,,,,,,,,
"WORKER_FOR_ZERO_BUILD_TIME",,"TRUE",,,,,,,,,,
"TRAIN_CANCEL_MULTIPLIER",100,,,,,,,,,,,
"BUILD_CANCEL_MULTIPLIER",50,,,,,,,,,,,
"SCORING_ONLY_FROM_MM",,"FALSE",,,,,,,,,,
"MAJOR_LIMIT",20000,,,,,,,,,,,
"SUPER_LIMIT",100000,,,,,,,,,,,
"APPLY_REPLAY_COMPATIBILITY_IF_CONTENT_VERSION",0,,,,,,,,,,,
"MIN_COMPATIBLE_CONTENT_VERSION_FOR_REPLAY",0,,,,,,,,,,,
"SPEED_UP_CONFIRMATION_ENABLED",,"TRUE",,,,,,,,,,
"SPELL_CANCEL_MULTIPLIER",100,,,,,,,,,,,
"COMPLETE_CONSTRUCTIONS_ONLY_HOME",,"FALSE",,,,,,,,,,
"ALLIANCE_SCORE_LIMIT",,,,0,,,,,,,,
,,,,200,,,,,,,,
,,,,400,,,,,,,,
,,,,600,,,,,,,,
,,,,800,,,,,,,,
,,,,1000,,,,,,,,
,,,,1100,,,,,,,,
,,,,1200,,,,,,,,
,,,,1300,,,,,,,,
,,,,1400,,,,,,,,
,,,,1500,,,,,,,,
,,,,1600,,,,,,,,
,,,,1700,,,,,,,,
,,,,1800,,,,,,,,
,,,,1900,,,,,,,,
,,,,2000,,,,,,,,
,,,,2100,,,,,,,,
,,,,2200,,,,,,,,
,,,,2300,,,,,,,,
,,,,2400,,,,,,,,
,,,,2500,,,,,,,,
,,,,2600,,,,,,,,
,,,,2700,,,,,,,,
,,,,2800,,,,,,,,
,,,,2900,,,,,,,,
,,,,3000,,,,,,,,
,,,,3100,,,,,,,,
,,,,3200,,,,,,,,
,,,,3300,,,,,,,,
,,,,3400,,,,,,,,
,,,,3500,,,,,,,,
,,,,3600,,,,,,,,
,,,,3700,,,,,,,,
,,,,3800,,,,,,,,
,,,,3900,,,,,,,,
,,,,4000,,,,,,,,
,,,,4100,,,,,,,,
,,,,4200,,,,,,,,
"MAX_ALLIANCE_FEEDBACK_MESSAGE_LENGTH",100,,,,,,,,,,,
"LOOT_MULTIPLIER_BY_TH_DIFF",,,,100,,,,,,,,
,,,,100,,,,,,,,
,,,,100,,,,,,,,
,,,,100,,,,,,,,
,,,,100,,,,,,,,
,,,,90,,,,,,,,
,,,,50,,,,,,,,
,,,,25,,,,,,,,
,,,,5,,,,,,,,
"WAR_LOOT_PERCENTAGE",5,,,,,,,,,,,
"KILL_UNITS_WITH_HOUSING",,"FALSE",,,,,,,,,,
"CHAR_VS_CHAR_RANDOM_DIST_LIMIT",100,,,,,,,,,,,
"ENABLE_DEFENDING_ALLIANCE_TROOP_JUMP",,"TRUE",,,,,,,,,,
"RESOURCE_PRODUCTION_BOOST_MULTIPLIER",2,,,,,,,,,,,
"BARRACKS_BOOST_MULTIPLIER",4,,,,,,,,,,,
"SPELL_FACTORY_BOOST_MULTIPLIER",4,,,,,,,,,,,
"HERO_REST_BOOST_MULTIPLIER",4,,,,,,,,,,,
"RESOURCE_PRODUCTION_BOOST_MINS",1440,,,,,,,,,,,
"BARRACKS_BOOST_MINS",120,,,,,,,,,,,
"SPELL_FACTORY_BOOST_MINS",120,,,,,,,,,,,
"HERO_REST_BOOST_MINS",120,,,,,,,,,,,
"BUNKER_SEARCH_TIME",250,,,,,,,,,,,
"RESOURCE_PRODUCTION_LOOT_PERCENTAGE_DARK_ELIXIR",75,,,,,,,,,,,
"HERO_HEALTH_SPEED_UP_COST_MULTIPLIER",300,,,,,,,,,,,
"HERO_UPGRADE_CANCEL_MULTIPLIER",50,,,,,,,,,,,
"ALLIANCE_TROOPS_PATROL",,"FALSE",,,,,,,,,,
"FORGET_TARGET_TIME",6000,,,,,,,,,,,
"HERO_HEAL_MULTIPLIER",50,,,,,,,,,,,
"HERO_RAGE_MULTIPLIER",50,,,,,,,,,,,
"HERO_RAGE_SPEED_MULTIPLIER",50,,,,,,,,,,,
"CHAR_VS_CHAR_RADIUS_FOR_ATTACKER",7,,,,,,,,,,,
"HERO_STOP_TIME",5000,,,,,,,,,,,
"SCORE_LIMIT_FOR_SHORTER_SHIELD",2500,,,,,,,,,,,
"SCORE_STEP_FOR_SHORTER_SHIELD",100,,,,,,,,,,,
"LOW_SHIELD_HOURS",,,,12,,,,,,,,
"MEDIUM_SHIELD_HOURS",,,,16,,,,,,,,
"ARMY_READY_CAPACITY_LEFT",5,,,,,,,,,,,
"ENABLE_LEAGUES",,"TRUE",,,,,,,,,,
"SPELL_SPEED_UP_COST_MULTIPLIER",200,,,,,,,,,,,
"WALL_BREAKER_SMART_CNT_LIMIT",30,,,,,,,,,,,
"WALL_BREAKER_SMART_RADIUS",2500,,,,,,,,,,,
"CLAN_MAIL_COOLDOWN",43200,,,,,,,,,,,
"RESTART_ATTACK_TIMER_ON_AREA_DAMAGE_TURRETS",,"FALSE",,,,,,,,,,
"CASTLE_TROOP_TARGET_FILTER",,"TRUE",,,,,,,,,,
"WALL_COST_BASE",1000,,,,,,,,,,,
"MAX_LEVEL_NO_ADS",4,,,,,,,,,,,
"TROOP_REQ_TEXT_MINIMUM_CLAN_CASTLE_LEVEL",0,,,,,,,,,,,
"TROOP_REQUEST_SPEED_UP_COST_MULTIPLIER",600,,,,,,,,,,,
"USE_TROOP_REQUEST_SPEED_UP",,"TRUE",,,,,,,,,,
"REMOVE_REVENGE_WHEN_BATTLE_IS_LOADED",,"FALSE",,,,,,,,,,
"USE_NEW_SPEEDUP_CALCULATION",,"TRUE",,,,,,,,,,
"REPLAY_SHARE_COOLDOWN",1800,,,,,,,,,,,
"ELDER_KICK_COOLDOWN",1200,,,,,,,,,,,
"DEVICE_LINK_CODE_LENGTH",12,,,,,,,,,,,
"DEVICE_LINK_CODE_VALID_SECONDS",120,,,,,,,,,,,
"USE_OLD_RELOAD",,"FALSE",,,,,,,,,,
"RECONNECT_THROUGH_PRODUCTION",,"TRUE",,,,,,,,,,
"VALIDATE_TROOP_UPGRADE_LEVELS",,"TRUE",,,,,,,,,,
"TRACK_GC_SPEND_MODULO",0,,,,,,,,,,,
"ALLIANCE_WAR_NUM_ATTACKS",2,,,,,,,,,,,
"ALLIANCE_WAR_PREPARATION_DURATION",1440,,,,,,,,,,,
"ALLIANCE_WAR_ATTACK_DURATION",1440,,,,,,,,,,,
"ALLIANCE_WAR_LOOT_BONUS_PERCENT_WIN",600,,,,,,,,,,,
"ALLIANCE_WAR_LOOT_BONUS_PERCENT_LOSE",180,,,,,,,,,,,
"ALLIANCE_WAR_LOOT_BONUS_PERCENT_DRAW",240,,,,,,,,,,,
"ALLIANCE_WAR_STARS_BONUS_PERCENT",,,,40,,,,,,,,
,,,,60,,,,,,,,
"ALLIANCE_WAR_STARS_BONUS_EXP",,,,10,,,,,,,,
,,,,25,,,,,,,,
"ALLIANCE_WAR_WIN_BONUS_EXP",50,,,,,,,,,,,
"ALLIANCE_WAR_ATTACK_WIN_EXP",,,,5,,,,,,,,
,,,,5,,,,,,,,
,,,,5,,,,,,,,
,,,,5,,,,,,,,
,,,,5,,,,,,,,
,,,,4,,,,,,,,
,,,,4,,,,,,,,
,,,,4,,,,,,,,
,,,,4,,,,,,,,
,,,,4,,,,,,,,
,,,,4,,,,,,,,
,,,,4,,,,,,,,
,,,,4,,,,,,,,
,,,,4,,,,,,,,
,,,,4,,,,,,,,
,,,,3,,,,,,,,
,,,,3,,,,,,,,
,,,,3,,,,,,,,
,,,,3,,,,,,,,
,,,,3,,,,,,,,
,,,,3,,,,,,,,
,,,,3,,,,,,,,
,,,,3,,,,,,,,
,,,,3,,,,,,,,
,,,,3,,,,,,,,
,,,,2,,,,,,,,
,,,,2,,,,,,,,
,,,,2,,,,,,,,
,,,,2,,,,,,,,
,,,,2,,,,,,,,
,,,,2,,,,,,,,
,,,,2,,,,,,,,
,,,,2,,,,,,,,
,,,,2,,,,,,,,
,,,,2,,,,,,,,
,,,,2,,,,,,,,
,,,,2,,,,,,,,
,,,,2,,,,,,,,
,,,,2,,,,,,,,
,,,,2,,,,,,,,
,,,,2,,,,,,,,
,,,,2,,,,,,,,
,,,,2,,,,,,,,
,,,,2,,,,,,,,
,,,,2,,,,,,,,
,,,,2,,,,,,,,
,,,,2,,,,,,,,
,,,,2,,,,,,,,
,,,,2,,,,,,,,
,,,,2,,,,,,,,
"FIX_CLAN_PORTAL_BATTLE_NOT_ENDING",,"TRUE",,,,,,,,,,
"DARK_ELIXIR_TO_ELIXIR_VALUE_MULTIPLIER",100,,,,,,,,,,,
"LIVE_REPLAY_ENABLED",,"TRUE",,,,,,,,,,
"LIVE_REPLAY_ON_OWN_BASE_UNDER_ATTACK",,"TRUE",,,,,,,,,,
"LIVE_REPLAY_UPDATE_FREQUENCY_SECONDS",2,,,,,,,,,,,
"MAX_ALLIANCE_MAIL_LENGTH",256,,,,,,,,,,,
"MAX_MESSAGE_LENGTH",128,,,,,,,,,,,
"SELECTED_WALL_TIME",4000,,,,,,,,,,,
"USE_WALL_WEIGHTS_FOR_JUMP_SPELL",,"TRUE",,,,,,,,,,
"ENABLE_BASE_LAYOUT_COPYING",,"TRUE",,,,,,,,,,
"TRACK_CURRENCY_BALANCE",,"TRUE",,,,,,,,,,
"USE_EFFECT_FOR_DEFENDING_HERO_INDICATOR",,"FALSE",,,,,,,,,,
"HERO_USES_ATTACK_POS_RANDOM",,"FALSE",,,,,,,,,,
"USE_ATTACK_POS_RANDOM_ON_1ST_TARGET",,"FALSE",,,,,,,,,,
"CASTLE_DEFENDER_SEARCH_RADIUS",9,,,,,,,,,,,
"USE_SMARTER_HEALER",,"TRUE",,,,,,,,,,
"ENABLE_TROOP_DELETION",,"TRUE",,,,,,,,,,
"SPECIAL_OBSTACLE",,,,,,,,,,,,
"WAR_MAX_EXCLUDE_MEMBERS",50,,,,,,,,,,,
"LAYOUT_SLOT_2_TH_LEVEL",5,,,,,,,,,,,
"LAYOUT_SLOT_3_TH_LEVEL",7,,,,,,,,,,,
"USE_STICK_TO_CLOSEST_UNIT_HEALER",,"FALSE",,,,,,,,,,
"REVERT_BROKEN_WAR_LAYOUTS",,"TRUE",,,,,,,,,,
"CLEAR_ALERT_STATE_IF_NO_TARGET_FOUND",,"TRUE",,,,,,,,,,
"IGNORE_ALLIANCE_ALERT_FOR_NON_VALID_TARGETS",,"TRUE",,,,,,,,,,
"BATTLELOG_STORES_CLAN_CASTLE_TROOPS_SEPARATELY",,"TRUE",,,,,,,,,,
"ALLOW_CLANCASTLE_DEPLOY_ON_OBSTACLES",,"TRUE",,,,,,,,,,
"MORE_PRECISE_TARGET_SELECTION",,"TRUE",,,,,,,,,,
"ALLOW_WAR_PRACTICE_ATTACKS",,"TRUE",,,,,,,,,,
"VALKYRIE_PREFERS_4_BUILDINGS",,"FALSE",,,,,,,,,,
"BOOKMARKS_MAX_ALLIANCES",30,,,,,,,,,,,
"ENABLE_NAME_CHANGE",,"TRUE",,,,,,,,,,
"ENABLE_NAME_CHANGE_TH_LEVEL",4,,,,,,,,,,,
