"Name","ID","Enabled","EnabledIOS","EnabledAndroid","Type","ShowAsNew","TID","InfoTID","ButtonTID","ButtonURL","NativeIOSURL","IncludedLanguages","ExcludedLanguages","IncludedCountries","ExcludedCountries","IncludedLoginCountries","ExcludedLoginCountries","CenterText","LoadResources","ItemSWF","ItemExportName","IconSWF","IconExportName","IconFrame","AnimateIcon","CenterIcon","MinTownHall","MaxTownHall","MinLevel","MaxLevel","MaxDiamonds","ClickToDismiss","AvatarIdModulo","ModuloMin","ModuloMax","Collapsed","ActionType","MinOS","MaxOS"
"String","int","Boolean","Boolean","Boolean","String","Boolean","String","String","String","String","String","String","String","String","String","String","String","Boolean","Boolean","String","String","String","String","Int","Boolean","Boolean","int","int","int","int","int","Boolean","int","int","int","Boolean","String","String","String"
"Facebook",1,"TRUE","TRUE","TRUE","more","FALSE",,"TID_MORE_FACEBOOK","TID_NEWS_BUTTON_GO","http://www.facebook.com/447775968580065",,,"KR",,,,,"TRUE","FALSE","sc/ui.sc","fb_link",,,0,"FALSE","FALSE",,,0,,0,"TRUE",,,,,,,
,,,,,,,,,,,,,"CN",,,,,,,,,,,,,,,,,,,,,,,,,,
,,,,,,,,,,,,,"JP",,,,,,,,,,,,,,,,,,,,,,,,,,
"FacebookKR",2,"TRUE","TRUE","TRUE","more","FALSE",,"TID_MORE_FACEBOOK","TID_NEWS_BUTTON_GO","http://www.facebook.com/520353058081714",,"KR",,,,,,"TRUE","FALSE","sc/ui.sc","fb_link",,,0,"FALSE","FALSE",,,0,,0,"TRUE",,,,,,,
"FacebookJP",3,"TRUE","TRUE","TRUE","more","FALSE",,"TID_MORE_FACEBOOK","TID_NEWS_BUTTON_GO","http://www.facebook.com/441860209254166",,"JP",,,,,,"TRUE","FALSE","sc/ui.sc","fb_link",,,0,"FALSE","FALSE",,,0,,0,"TRUE",,,,,,,
"Twitter",4,"TRUE","TRUE","TRUE","more","FALSE",,"TID_MORE_TWITTER","TID_NEWS_BUTTON_GO","https://twitter.com/ClashofClans","twitter://user?screen_name=ClashofClans",,"JP",,,,,"TRUE","FALSE","sc/ui.sc","twitter_link",,,0,"FALSE","FALSE",,,0,,0,"FALSE",,,,,,,
,,,,,,,,,,,,,"CN",,,,,,,,,,,,,,,,,,,,,,,,,,
,,,,,,,,,,,,,"KR",,,,,,,,,,,,,,,,,,,,,,,,,,
"TwitterJP",5,"TRUE","TRUE","TRUE","more","FALSE",,"TID_MORE_TWITTER","TID_NEWS_BUTTON_GO","https://twitter.com/ClashofClansJP","twitter://user?screen_name=ClashofClansJP","JP",,,,,,"TRUE","FALSE","sc/ui.sc","twitter_link",,,0,"FALSE","FALSE",,,0,,0,"FALSE",,,,,,,
"Youtube",6,"TRUE","TRUE","TRUE","more","FALSE",,"TID_MORE_YOUTUBE","TID_NEWS_BUTTON_GO","http://www.youtube.com/OfficialClashOfClans","youtube://user/OfficialClashOfClans",,"CN",,,,,"TRUE","FALSE","sc/ui.sc","youtube_link",,,0,"FALSE","FALSE",,,0,,0,"FALSE",,,,,,,
,,,,,,,,,,,,,"KR",,,,,,,,,,,,,,,,,,,,,,,,,,
,,,,,,,,,,,,,"JP",,,,,,,,,,,,,,,,,,,,,,,,,,
"YoutubeKR",7,"TRUE","TRUE","TRUE","more","FALSE",,"TID_MORE_YOUTUBE","TID_NEWS_BUTTON_GO","https://www.youtube.com/clashofclanskorea","youtube://user/clashofclanskorea","KR",,,,,,"TRUE","FALSE","sc/ui.sc","youtube_link",,,0,"FALSE","FALSE",,,0,,0,"FALSE",,,,,,,
"YoutubeJP",8,"TRUE","TRUE","TRUE","more","FALSE",,"TID_MORE_YOUTUBE","TID_NEWS_BUTTON_GO","https://www.youtube.com/user/ClashofClansJapan","youtube://user/ClashofClansJapan","JP",,,,,,"TRUE","FALSE","sc/ui.sc","youtube_link",,,0,"FALSE","FALSE",,,0,,0,"FALSE",,,,,,,
"Weibo",9,"TRUE","TRUE","TRUE","more","FALSE",,"TID_MORE_WEIBO","TID_NEWS_BUTTON_GO","http://m.weibo.cn/d/coc365",,"CN",,,,,,"TRUE","FALSE","sc/ui.sc","weibo_link",,,0,"FALSE","FALSE",,,0,,0,"FALSE",,,,,,,
"Youku",11,"TRUE","TRUE","TRUE","more","FALSE",,"TID_MORE_YOUKU","TID_NEWS_BUTTON_GO","http://i.youku.com/coc365",,"CN",,,,,,"TRUE","FALSE","sc/ui.sc","youku_link",,,0,"FALSE","FALSE",,,0,,0,"FALSE",,,,,,,
"Instagram",12,"TRUE","TRUE","TRUE","more","FALSE",,"TID_MORE_INSTAGRAM","TID_NEWS_BUTTON_GO","http://instagram.com/clashofclans",,,"CN",,,,,"TRUE","FALSE","sc/ui.sc","instagram_link",,,0,"FALSE","FALSE",,,0,,0,"TRUE",,,,,,,
,,,,,,,,,,,,,"JP",,,,,,,,,,,,,,,,,,,,,,,,,,
,,,,,,,,,,,,,"KR",,,,,,,,,,,,,,,,,,,,,,,,,,
"Twitch",13,"TRUE","TRUE","TRUE","more","FALSE",,"TID_MORE_TWITCH","TID_NEWS_BUTTON_GO","http://www.twitch.tv/directory/game/Clash%20of%20Clans",,,"CN",,,,,"TRUE","FALSE","sc/ui.sc","twitchglitch_link",,,0,"FALSE","FALSE",,,0,,0,"TRUE",,,,,,,
,,,,,,,,,,,,,"JP",,,,,,,,,,,,,,,,,,,,,,,,,,
,,,,,,,,,,,,,"KR",,,,,,,,,,,,,,,,,,,,,,,,,,
"HungryApp",14,"TRUE","TRUE","TRUE","more","FALSE",,"TID_MORE_HUNGRYAPP","TID_NEWS_BUTTON_GO","http://www.hungryapp.co.kr/bbs/list.php?bcode=coc",,"KR",,,,,,"TRUE","FALSE","sc/ui.sc","hungryapp_link",,,0,"FALSE","FALSE",,,0,,0,"TRUE",,,,,,,
"AppBankAndroid",18,"TRUE","FALSE","TRUE","more","FALSE",,"TID_MORE_APPBANK","TID_NEWS_BUTTON_GO","https://play.google.com/store/apps/details?id=net.appbank.clashofclansdb&hl=ja",,"JP",,,,,,"TRUE","FALSE","sc/ui.sc","appbank_link",,,0,"FALSE","FALSE",,,0,,0,"TRUE",,,,,,,
"AppBank",15,"TRUE","TRUE","FALSE","more","FALSE",,"TID_MORE_APPBANK","TID_NEWS_BUTTON_GO","https://itunes.apple.com/jp/app/gong-shi-kurakura-gong-e/id930825600",,"JP",,,,,,"TRUE","FALSE","sc/ui.sc","appbank_link",,,0,"FALSE","FALSE",,,0,,0,"TRUE",,,,,,,
"Famitsu",16,"TRUE","TRUE","TRUE","more","FALSE",,"TID_MORE_FAMITSU","TID_NEWS_BUTTON_GO","http://app.famitsu.com/category/game-tips/clash-of-clans/",,"JP",,,,,,"TRUE","FALSE","sc/ui.sc","famitsu_link",,,0,"FALSE","FALSE",,,0,,0,"TRUE",,,,,,,
"Forums",10,"TRUE","TRUE","TRUE","more","FALSE",,"TID_MORE_FORUMS","TID_NEWS_BUTTON_GO","http://forum.supercell.net/forumdisplay.php/4-Clash-of-Clans",,,"KR",,,,,"TRUE","FALSE","sc/ui.sc","forums_link",,,0,"FALSE","FALSE",,,0,,0,"FALSE",,,,,,,
,,,,,,,,,,,,,"JP",,,,,,,,,,,,,,,,,,,,,,,,,,
"Safeguard",85,"TRUE","TRUE","FALSE","news","TRUE","TID_NEWS_SAFEGUARD_TITLE","TID_NEWS_SAFEGUARD_TEXT","TID_GOOGLE_SERVICE_SIGN_IN",,,,,,,,,"FALSE","FALSE","sc/ui.sc","news_entry_dynamic_gc",,,0,"FALSE","FALSE",,,,,,,,,,,"OpenGC","7.0",
"SafeguardIOS6",87,"TRUE","TRUE","FALSE","news","TRUE","TID_NEWS_SAFEGUARD_TITLE","TID_NEWS_SAFEGUARD_TEXT","TID_GOOGLE_SERVICE_SIGN_IN",,,,,,,,,"FALSE","FALSE","sc/ui.sc","news_entry_dynamic_gc6",,,0,"FALSE","FALSE",,,,,,,,,,,"OpenGC",,"7.0"
"SafeguardAndroid",86,"TRUE","FALSE","TRUE","news","TRUE","TID_NEWS_SAFEGUARD_TITLE","TID_NEWS_SAFEGUARD_TEXT_ANDROID","TID_GOOGLE_SERVICE_SIGN_IN",,,,,,,,,"FALSE","FALSE","sc/ui.sc","news_entry_dynamic_gplus",,,0,"FALSE","FALSE",,,,,,,,,,,"OpenG+",,
"UpgradeYourOS",106,"FALSE","TRUE","FALSE","news","TRUE","TID_NEWS_UPGRADE_OS_TITLE","TID_NEWS_UPGRADE_OS_TEXT","TID_NEWS_UPGRADE_OS_MORE","http://support.apple.com/HT204204",,"EN",,,,,,"FALSE","FALSE","sc/ui.sc","news_entry_dynamic_ios","sc/ui.sc",,0,"TRUE","TRUE",,,0,,0,"FALSE",,,,,,,"5.1.1"
,,,,,,,,,,"http://support.apple.com/fr-fr/ht4623",,"FR",,,,,,,,,,,,,,,,,,,,,,,,,,,
,,,,,,,,,,"http://support.apple.com/de-de/ht4623",,"DE",,,,,,,,,,,,,,,,,,,,,,,,,,,
,,,,,,,,,,"http://support.apple.com/nl-nl/HT4623",,"NL",,,,,,,,,,,,,,,,,,,,,,,,,,,
,,,,,,,,,,"http://support.apple.com/ja-jp/ht4623",,"JP",,,,,,,,,,,,,,,,,,,,,,,,,,,
,,,,,,,,,,"http://support.apple.com/pt-br/ht4623",,"PT",,,,,,,,,,,,,,,,,,,,,,,,,,,
,,,,,,,,,,"http://support.apple.com/es-es/ht4623",,"ES",,,,,,,,,,,,,,,,,,,,,,,,,,,
,,,,,,,,,,"http://support.apple.com/it-it/HT4623",,"IT",,,,,,,,,,,,,,,,,,,,,,,,,,,
,,,,,,,,,,"http://support.apple.com/no-no/ht4623",,"NO",,,,,,,,,,,,,,,,,,,,,,,,,,,
,,,,,,,,,,"http://support.apple.com/tr-tr/HT4623",,"TR",,,,,,,,,,,,,,,,,,,,,,,,,,,
,,,,,,,,,,"http://support.apple.com/zh-cn/HT4623",,"CN",,,,,,,,,,,,,,,,,,,,,,,,,,,
,,,,,,,,,,"http://support.apple.com/ko-kr/HT4623",,"KR",,,,,,,,,,,,,,,,,,,,,,,,,,,
,,,,,,,,,,"http://support.apple.com/ru-ru/HT4623",,"RU",,,,,,,,,,,,,,,,,,,,,,,,,,,
"ClanXP",107,"FALSE","TRUE","TRUE","news","TRUE","TID_NEWS_BIRTHDAY_TITLE","TID_NEWS_BIRTHDAY_TEXT",,,,,,,,,,"FALSE","TRUE","sc/ui.sc","news_entry_dynamic","sc/news.sc","xpevent_icon",0,"TRUE","TRUE",,,0,,0,"FALSE",,,,,,,
"UpdateSweeper",108,"TRUE","TRUE","TRUE","news","TRUE","TID_NEWS_UPDATE_AIR_MORTAR_TITLE","TID_NEWS_UPDATE_AIR_MORTAR_TEXT",,,,,,,,,,"FALSE","FALSE","sc/ui.sc","news_entry_dynamic","sc/buildings.sc","air_mortar_news_item",0,"TRUE","TRUE",,,0,,0,"FALSE",,,,,,,
"UpdateBookmarks",108,"TRUE","TRUE","TRUE","news","TRUE","TID_NEWS_UPDATE_BOOKMARKS_TITLE","TID_NEWS_UPDATE_BOOKMARKS_TEXT",,,,,,,,,,"FALSE","FALSE","sc/ui.sc","news_entry_dynamic","sc/ui.sc","alliance_bookmark_news_item",0,"TRUE","TRUE",,,0,,0,"FALSE",,,,,,,
"Update",108,"TRUE","TRUE","TRUE","news","TRUE","TID_NEWS_UPDATE_TITLE","TID_NEWS_UPDATE_TEXT",,,,,,,,,,"FALSE","FALSE","sc/ui.sc","news_entry_dynamic","sc/ui.sc","attack_confirm_news_item",0,"TRUE","FALSE",,,0,,0,"FALSE",,,,,,,
